"Time (UTCG)","q1","q2","q3","q4"
20 May 2022 16:00:00.000,-0.613883,-0.351295,-0.452322,0.543272
20 May 2022 16:01:00.000,-0.621255,-0.362198,-0.442239,0.535985
20 May 2022 16:02:00.000,-0.628187,-0.372571,-0.432354,0.528812
20 May 2022 16:03:00.000,-0.634713,-0.382443,-0.422665,0.521758
20 May 2022 16:04:00.000,-0.640864,-0.391837,-0.413168,0.514830
20 May 2022 16:05:00.000,-0.646670,-0.400778,-0.403856,0.508030
20 May 2022 16:06:00.000,-0.652158,-0.409287,-0.394727,0.501363
20 May 2022 16:07:00.000,-0.657353,-0.417386,-0.385773,0.494829
20 May 2022 16:08:00.000,-0.662277,-0.425095,-0.376989,0.488428
20 May 2022 16:09:00.000,-0.666953,-0.432432,-0.368370,0.482162
20 May 2022 16:10:00.000,-0.671400,-0.439414,-0.359909,0.476028
20 May 2022 16:11:00.000,-0.675636,-0.446057,-0.351601,0.470027
20 May 2022 16:12:00.000,-0.679679,-0.452377,-0.343440,0.464156
20 May 2022 16:13:00.000,-0.683543,-0.458389,-0.335419,0.458413
20 May 2022 16:14:00.000,-0.687244,-0.464104,-0.327533,0.452797
20 May 2022 16:15:00.000,-0.690794,-0.469536,-0.319778,0.447304
20 May 2022 16:16:00.000,-0.694207,-0.474697,-0.312146,0.441932
20 May 2022 16:17:00.000,-0.697493,-0.479598,-0.304634,0.436678
20 May 2022 16:18:00.000,-0.700662,-0.484248,-0.297237,0.431539
20 May 2022 16:19:00.000,-0.703726,-0.488658,-0.289949,0.426513
20 May 2022 16:20:00.000,-0.706692,-0.492836,-0.282765,0.421596
20 May 2022 16:21:00.000,-0.709569,-0.496792,-0.275683,0.416785
20 May 2022 16:22:00.000,-0.712364,-0.500532,-0.268696,0.412077
20 May 2022 16:23:00.000,-0.715085,-0.504066,-0.261802,0.407469
20 May 2022 16:24:00.000,-0.717738,-0.507399,-0.254996,0.402958
20 May 2022 16:25:00.000,-0.720330,-0.510539,-0.248275,0.398541
20 May 2022 16:26:00.000,-0.722865,-0.513492,-0.241634,0.394215
20 May 2022 16:27:00.000,-0.725349,-0.516264,-0.235071,0.389976
20 May 2022 16:28:00.000,-0.727788,-0.518860,-0.228583,0.385823
20 May 2022 16:29:00.000,-0.730184,-0.521286,-0.222166,0.381752
20 May 2022 16:30:00.000,-0.732543,-0.523547,-0.215817,0.377760
20 May 2022 16:31:00.000,-0.734867,-0.525648,-0.209533,0.373845
20 May 2022 16:32:00.000,-0.737161,-0.527594,-0.203312,0.370003
20 May 2022 16:33:00.000,-0.739428,-0.529388,-0.197152,0.366232
20 May 2022 16:34:00.000,-0.741670,-0.531035,-0.191049,0.362530
20 May 2022 16:35:00.000,-0.743890,-0.532538,-0.185001,0.358894
20 May 2022 16:36:00.000,-0.746091,-0.533902,-0.179007,0.355321
20 May 2022 16:37:00.000,-0.748275,-0.535130,-0.173063,0.351810
20 May 2022 16:38:00.000,-0.750443,-0.536225,-0.167168,0.348356
20 May 2022 16:39:00.000,-0.752598,-0.537191,-0.161320,0.344959
20 May 2022 16:40:00.000,-0.754742,-0.538031,-0.155518,0.341616
20 May 2022 16:41:00.000,-0.756875,-0.538748,-0.149758,0.338325
20 May 2022 16:42:00.000,-0.758999,-0.539344,-0.144040,0.335083
20 May 2022 16:43:00.000,-0.761116,-0.539822,-0.138362,0.331888
20 May 2022 16:44:00.000,-0.763226,-0.540186,-0.132723,0.328739
20 May 2022 16:45:00.000,-0.765331,-0.540437,-0.127120,0.325633
20 May 2022 16:46:00.000,-0.767430,-0.540578,-0.121553,0.322569
20 May 2022 16:47:00.000,-0.769526,-0.540612,-0.116020,0.319543
20 May 2022 16:48:00.000,-0.771618,-0.540541,-0.110519,0.316556
20 May 2022 16:49:00.000,-0.773706,-0.540366,-0.105050,0.313603
20 May 2022 16:50:00.000,-0.775792,-0.540091,-0.099612,0.310685
20 May 2022 16:51:00.000,-0.777876,-0.539718,-0.094202,0.307799
20 May 2022 16:52:00.000,-0.779957,-0.539248,-0.088821,0.304943
20 May 2022 16:53:00.000,-0.782036,-0.538683,-0.083467,0.302115
20 May 2022 16:54:00.000,-0.784113,-0.538026,-0.078139,0.299315
20 May 2022 16:55:00.000,-0.786187,-0.537279,-0.072836,0.296540
20 May 2022 16:56:00.000,-0.788260,-0.536443,-0.067557,0.293789
20 May 2022 16:57:00.000,-0.790329,-0.535520,-0.062302,0.291061
20 May 2022 16:58:00.000,-0.792396,-0.534513,-0.057069,0.288353
20 May 2022 16:59:00.000,-0.794460,-0.533423,-0.051858,0.285665
20 May 2022 17:00:00.000,-0.796520,-0.532252,-0.046667,0.282995
20 May 2022 17:01:00.000,-0.002098,-0.963835,-0.086247,0.252150
20 May 2022 17:02:00.000,-0.006402,-0.971450,-0.084698,0.221517
20 May 2022 17:03:00.000,-0.010785,-0.978068,-0.083169,0.190654
20 May 2022 17:04:00.000,-0.015233,-0.983681,-0.081669,0.159593
20 May 2022 17:05:00.000,-0.019729,-0.988282,-0.080205,0.128365
20 May 2022 17:06:00.000,-0.024257,-0.991865,-0.078784,0.097001
20 May 2022 17:07:00.000,-0.028800,-0.994426,-0.077414,0.065532
20 May 2022 17:08:00.000,-0.033342,-0.995963,-0.076097,0.033990
20 May 2022 17:09:00.000,-0.037863,-0.996474,-0.074838,0.002406
20 May 2022 17:10:00.000,-0.042348,-0.995958,-0.073638,-0.029188
20 May 2022 17:11:00.000,-0.046778,-0.994417,-0.072498,-0.060759
20 May 2022 17:12:00.000,-0.051136,-0.991852,-0.071418,-0.092276
20 May 2022 17:13:00.000,-0.055405,-0.988267,-0.070396,-0.123707
20 May 2022 17:14:00.000,-0.059568,-0.983667,-0.069429,-0.155020
20 May 2022 17:15:00.000,-0.063608,-0.978057,-0.068512,-0.186184
20 May 2022 17:16:00.000,-0.067512,-0.971445,-0.067640,-0.217166
20 May 2022 17:17:00.000,-0.071264,-0.963840,-0.066807,-0.247935
20 May 2022 17:18:00.000,-0.074850,-0.955249,-0.066006,-0.278459
20 May 2022 17:19:00.000,-0.078258,-0.945685,-0.065226,-0.308708
20 May 2022 17:20:00.000,-0.081476,-0.935159,-0.064461,-0.338651
20 May 2022 17:21:00.000,-0.084495,-0.923683,-0.063699,-0.368257
20 May 2022 17:22:00.000,-0.087305,-0.911271,-0.062929,-0.397497
20 May 2022 17:23:00.000,-0.089899,-0.897937,-0.062142,-0.426339
20 May 2022 17:24:00.000,-0.092271,-0.883699,-0.061325,-0.454755
20 May 2022 17:25:00.000,-0.094415,-0.868571,-0.060466,-0.482716
20 May 2022 17:26:00.000,-0.096329,-0.852571,-0.059554,-0.510193
20 May 2022 17:27:00.000,-0.098011,-0.835717,-0.058577,-0.537159
20 May 2022 17:28:00.000,-0.099460,-0.818028,-0.057523,-0.563585
20 May 2022 17:29:00.000,-0.100678,-0.799525,-0.056381,-0.589445
20 May 2022 17:30:00.000,-0.101667,-0.780226,-0.055139,-0.614713
20 May 2022 17:31:00.000,-0.102430,-0.760153,-0.053787,-0.639361
20 May 2022 17:32:00.000,-0.102973,-0.739327,-0.052315,-0.663366
20 May 2022 17:33:00.000,-0.103303,-0.717772,-0.050713,-0.686703
20 May 2022 17:34:00.000,-0.103427,-0.695508,-0.048974,-0.709347
20 May 2022 17:35:00.000,-0.103354,-0.672560,-0.047089,-0.731275
20 May 2022 17:36:00.000,-0.103094,-0.648952,-0.045053,-0.752465
20 May 2022 17:37:00.000,-0.102657,-0.624707,-0.042858,-0.772895
20 May 2022 17:38:00.000,-0.102054,-0.599850,-0.040502,-0.792543
20 May 2022 17:39:00.000,-0.101299,-0.574407,-0.037982,-0.811389
20 May 2022 17:40:00.000,-0.100404,-0.548402,-0.035295,-0.829414
20 May 2022 17:41:00.000,-0.099382,-0.521862,-0.032441,-0.846599
20 May 2022 17:42:00.000,-0.098247,-0.494814,-0.029420,-0.862926
20 May 2022 17:43:00.000,-0.097014,-0.467283,-0.026236,-0.878377
20 May 2022 17:44:00.000,-0.095695,-0.439297,-0.022892,-0.892937
20 May 2022 17:45:00.000,-0.094305,-0.410884,-0.019393,-0.906590
20 May 2022 17:46:00.000,-0.092857,-0.382070,-0.015745,-0.919321
20 May 2022 17:47:00.000,-0.091367,-0.352885,-0.011956,-0.931118
20 May 2022 17:48:00.000,-0.089845,-0.323355,-0.008036,-0.941968
20 May 2022 17:49:00.000,-0.088306,-0.293511,-0.003993,-0.951860
20 May 2022 17:50:00.000,-0.086761,-0.263381,0.000160,-0.960783
20 May 2022 17:51:00.000,-0.085222,-0.232993,0.004411,-0.968727
20 May 2022 17:52:00.000,-0.083698,-0.202377,0.008746,-0.975685
20 May 2022 17:53:00.000,-0.082200,-0.171563,0.013151,-0.981650
20 May 2022 17:54:00.000,-0.080736,-0.140580,0.017611,-0.986615
20 May 2022 17:55:00.000,-0.079313,-0.109459,0.022109,-0.990575
20 May 2022 17:56:00.000,-0.077938,-0.078229,0.026631,-0.993527
20 May 2022 17:57:00.000,-0.076616,-0.046920,0.031157,-0.995469
20 May 2022 17:58:00.000,-0.075350,-0.015563,0.035672,-0.996397
20 May 2022 17:59:00.000,-0.074143,0.015812,0.040158,-0.996313
20 May 2022 18:00:00.000,-0.072997,0.047175,0.044598,-0.995217
20 May 2022 18:01:00.000,-0.071910,0.078496,0.048974,-0.993111
20 May 2022 18:02:00.000,-0.070883,0.109743,0.053269,-0.989997
20 May 2022 18:03:00.000,-0.069912,0.140888,0.057466,-0.985881
20 May 2022 18:04:00.000,-0.068994,0.171898,0.061550,-0.980766
20 May 2022 18:05:00.000,-0.068123,0.202745,0.065505,-0.974660
20 May 2022 18:06:00.000,-0.067294,0.233399,0.069317,-0.967570
20 May 2022 18:07:00.000,-0.066500,0.263828,0.072970,-0.959504
20 May 2022 18:08:00.000,-0.065732,0.294005,0.076452,-0.950471
20 May 2022 18:09:00.000,-0.064982,0.323898,0.079753,-0.940482
20 May 2022 18:10:00.000,-0.064240,0.353479,0.082859,-0.929548
20 May 2022 18:11:00.000,-0.063496,0.382718,0.085763,-0.917682
20 May 2022 18:12:00.000,-0.062738,0.411587,0.088457,-0.904895
20 May 2022 18:13:00.000,-0.061956,0.440057,0.090932,-0.891203
20 May 2022 18:14:00.000,-0.061138,0.468099,0.093184,-0.876620
20 May 2022 18:15:00.000,-0.060272,0.495686,0.095209,-0.861161
20 May 2022 18:16:00.000,-0.059346,0.522790,0.097004,-0.844843
20 May 2022 18:17:00.000,-0.058348,0.549383,0.098569,-0.827682
20 May 2022 18:18:00.000,-0.057267,0.575439,0.099902,-0.809697
20 May 2022 18:19:00.000,-0.056091,0.600931,0.101007,-0.790906
20 May 2022 18:20:00.000,-0.054810,0.625833,0.101885,-0.771329
20 May 2022 18:21:00.000,-0.053412,0.650120,0.102542,-0.750984
20 May 2022 18:22:00.000,-0.051889,0.673765,0.102984,-0.729892
20 May 2022 18:23:00.000,-0.050231,0.696745,0.103216,-0.708075
20 May 2022 18:24:00.000,-0.048430,0.719035,0.103247,-0.685553
20 May 2022 18:25:00.000,-0.046479,0.740612,0.103087,-0.662350
20 May 2022 18:26:00.000,-0.044372,0.761452,0.102745,-0.638487
20 May 2022 18:27:00.000,-0.042104,0.781533,0.102232,-0.613989
20 May 2022 18:28:00.000,-0.039672,0.800833,0.101561,-0.588879
20 May 2022 18:29:00.000,-0.037072,0.819331,0.100743,-0.563181
20 May 2022 18:30:00.000,-0.034304,0.837007,0.099792,-0.536921
20 May 2022 18:31:00.000,-0.031367,0.853840,0.098720,-0.510124
20 May 2022 18:32:00.000,-0.028264,0.869813,0.097543,-0.482816
20 May 2022 18:33:00.000,-0.024998,0.884907,0.096273,-0.455024
20 May 2022 18:34:00.000,-0.021572,0.899104,0.094924,-0.426774
20 May 2022 18:35:00.000,-0.017992,0.912389,0.093511,-0.398094
20 May 2022 18:36:00.000,-0.014266,0.924745,0.092047,-0.369012
20 May 2022 18:37:00.000,-0.010402,0.936159,0.090546,-0.339557
20 May 2022 18:38:00.000,-0.006409,0.946618,0.089020,-0.309756
20 May 2022 18:39:00.000,-0.002298,0.956108,0.087482,-0.279640
20 May 2022 18:40:00.000,0.001917,0.964619,0.085943,-0.249237
20 May 2022 18:41:00.000,0.006226,0.972141,0.084415,-0.218579
20 May 2022 18:42:00.000,0.010612,0.978665,0.082908,-0.187695
20 May 2022 18:43:00.000,0.015062,0.984182,0.081429,-0.156615
20 May 2022 18:44:00.000,0.019559,0.988687,0.079989,-0.125371
20 May 2022 18:45:00.000,0.024087,0.992173,0.078592,-0.093995
20 May 2022 18:46:00.000,0.028629,0.994638,0.077246,-0.062516
20 May 2022 18:47:00.000,0.033169,0.996078,0.075954,-0.030968
20 May 2022 18:48:00.000,0.037687,0.996492,0.074720,0.000619
20 May 2022 18:49:00.000,0.042168,0.995879,0.073545,0.032213
20 May 2022 18:50:00.000,0.046593,0.994241,0.072431,0.063781
20 May 2022 18:51:00.000,0.050944,0.991579,0.071376,0.095292
20 May 2022 18:52:00.000,0.055206,0.987898,0.070379,0.126714
20 May 2022 18:53:00.000,0.059360,0.983202,0.069436,0.158015
20 May 2022 18:54:00.000,0.063392,0.977497,0.068543,0.189162
20 May 2022 18:55:00.000,0.067286,0.970791,0.067695,0.220126
20 May 2022 18:56:00.000,0.071027,0.963091,0.066884,0.250873
20 May 2022 18:57:00.000,0.074601,0.954408,0.066104,0.281372
20 May 2022 18:58:00.000,0.077997,0.944752,0.065345,0.311594
20 May 2022 18:59:00.000,0.081203,0.934134,0.064598,0.341505
20 May 2022 19:00:00.000,0.084210,0.922569,0.063854,0.371078
20 May 2022 19:01:00.000,0.087007,0.910068,0.063102,0.400280
20 May 2022 19:02:00.000,0.089588,0.896648,0.062329,0.429083
20 May 2022 19:03:00.000,0.091946,0.882323,0.061526,0.457456
20 May 2022 19:04:00.000,0.094078,0.867111,0.060680,0.485372
20 May 2022 19:05:00.000,0.095979,0.851028,0.059779,0.512801
20 May 2022 19:06:00.000,0.097649,0.834094,0.058812,0.539716
20 May 2022 19:07:00.000,0.099087,0.816326,0.057766,0.566089
20 May 2022 19:08:00.000,0.100293,0.797745,0.056630,0.591893
20 May 2022 19:09:00.000,0.101272,0.778370,0.055394,0.617102
20 May 2022 19:10:00.000,0.102026,0.758224,0.054046,0.641690
20 May 2022 19:11:00.000,0.102561,0.737327,0.052576,0.665632
20 May 2022 19:12:00.000,0.102884,0.715702,0.050976,0.688903
20 May 2022 19:13:00.000,0.103003,0.693371,0.049237,0.711479
20 May 2022 19:14:00.000,0.102925,0.670358,0.047351,0.733338
20 May 2022 19:15:00.000,0.102661,0.646686,0.045312,0.754456
20 May 2022 19:16:00.000,0.102223,0.622381,0.043115,0.774812
20 May 2022 19:17:00.000,0.101620,0.597466,0.040755,0.794385
20 May 2022 19:18:00.000,0.100867,0.571966,0.038230,0.813154
20 May 2022 19:19:00.000,0.099975,0.545908,0.035538,0.831099
20 May 2022 19:20:00.000,0.098958,0.519317,0.032678,0.848203
20 May 2022 19:21:00.000,0.097830,0.492220,0.029652,0.864447
20 May 2022 19:22:00.000,0.096604,0.464644,0.026461,0.879815
20 May 2022 19:23:00.000,0.095295,0.436614,0.023111,0.894289
20 May 2022 19:24:00.000,0.093916,0.408160,0.019605,0.907855
20 May 2022 19:25:00.000,0.092482,0.379309,0.015951,0.920499
20 May 2022 19:26:00.000,0.091006,0.350088,0.012156,0.932206
20 May 2022 19:27:00.000,0.089500,0.320526,0.008230,0.942966
20 May 2022 19:28:00.000,0.087978,0.290652,0.004182,0.952766
20 May 2022 19:29:00.000,0.086452,0.260494,0.000024,0.961597
20 May 2022 19:30:00.000,0.084933,0.230082,-0.004230,0.969449
20 May 2022 19:31:00.000,0.083430,0.199445,-0.008569,0.976313
20 May 2022 19:32:00.000,0.081954,0.168613,-0.012976,0.982184
20 May 2022 19:33:00.000,0.080513,0.137614,-0.017438,0.987054
20 May 2022 19:34:00.000,0.079114,0.106481,-0.021937,0.990920
20 May 2022 19:35:00.000,0.077763,0.075241,-0.026458,0.993777
20 May 2022 19:36:00.000,0.076465,0.043925,-0.030983,0.995622
20 May 2022 19:37:00.000,0.075224,0.012564,-0.035495,0.996456
20 May 2022 19:38:00.000,0.074042,-0.018812,-0.039978,0.996276
20 May 2022 19:39:00.000,0.072921,-0.050172,-0.044412,0.995084
20 May 2022 19:40:00.000,0.071859,-0.081488,-0.048783,0.992883
20 May 2022 19:41:00.000,0.070857,-0.112727,-0.053071,0.989674
20 May 2022 19:42:00.000,0.069910,-0.143860,-0.057261,0.985463
20 May 2022 19:43:00.000,0.069016,-0.174857,-0.061336,0.980255
20 May 2022 19:44:00.000,0.068169,-0.205687,-0.065282,0.974055
20 May 2022 19:45:00.000,0.067363,-0.236320,-0.069083,0.966873
20 May 2022 19:46:00.000,0.066590,-0.266727,-0.072725,0.958714
20 May 2022 19:47:00.000,0.065843,-0.296878,-0.076196,0.949591
20 May 2022 19:48:00.000,0.065113,-0.326742,-0.079484,0.939512
20 May 2022 19:49:00.000,0.064389,-0.356292,-0.082579,0.928489
20 May 2022 19:50:00.000,0.063662,-0.385497,-0.085470,0.916534
20 May 2022 19:51:00.000,0.062920,-0.414329,-0.088150,0.903660
20 May 2022 19:52:00.000,0.062153,-0.442759,-0.090613,0.889883
20 May 2022 19:53:00.000,0.061348,-0.470759,-0.092852,0.875215
20 May 2022 19:54:00.000,0.060493,-0.498301,-0.094864,0.859673
20 May 2022 19:55:00.000,0.059577,-0.525357,-0.096647,0.843273
20 May 2022 19:56:00.000,0.058588,-0.551900,-0.098200,0.826033
20 May 2022 19:57:00.000,0.057514,-0.577903,-0.099522,0.807970
20 May 2022 19:58:00.000,0.056344,-0.603340,-0.100616,0.789102
20 May 2022 19:59:00.000,0.055067,-0.628184,-0.101485,0.769450
20 May 2022 20:00:00.000,0.053673,-0.652411,-0.102134,0.749032
20 May 2022 20:01:00.000,0.052151,-0.675994,-0.102567,0.727869
20 May 2022 20:02:00.000,0.050494,-0.698909,-0.102793,0.705982
20 May 2022 20:03:00.000,0.048692,-0.721132,-0.102820,0.683393
20 May 2022 20:04:00.000,0.046740,-0.742639,-0.102656,0.660125
20 May 2022 20:05:00.000,0.044630,-0.763408,-0.102311,0.636199
20 May 2022 20:06:00.000,0.042359,-0.783415,-0.101798,0.611640
20 May 2022 20:07:00.000,0.039922,-0.802640,-0.101127,0.586471
20 May 2022 20:08:00.000,0.037317,-0.821061,-0.100312,0.560717
20 May 2022 20:09:00.000,0.034543,-0.838658,-0.099364,0.534403
20 May 2022 20:10:00.000,0.031601,-0.855410,-0.098299,0.507555
20 May 2022 20:11:00.000,0.028492,-0.871301,-0.097128,0.480198
20 May 2022 20:12:00.000,0.025218,-0.886310,-0.095867,0.452359
20 May 2022 20:13:00.000,0.021786,-0.900421,-0.094529,0.424065
20 May 2022 20:14:00.000,0.018200,-0.913619,-0.093128,0.395344
20 May 2022 20:15:00.000,0.014467,-0.925887,-0.091678,0.366223
20 May 2022 20:16:00.000,0.010597,-0.937211,-0.090192,0.336731
20 May 2022 20:17:00.000,0.006598,-0.947579,-0.088683,0.306898
20 May 2022 20:18:00.000,0.002483,-0.956977,-0.087163,0.276751
20 May 2022 20:19:00.000,-0.001737,-0.965395,-0.085644,0.246321
20 May 2022 20:20:00.000,-0.006049,-0.972823,-0.084136,0.215639
20 May 2022 20:21:00.000,-0.010438,-0.979252,-0.082650,0.184733
20 May 2022 20:22:00.000,-0.014890,-0.984674,-0.081194,0.153635
20 May 2022 20:23:00.000,-0.019388,-0.989082,-0.079777,0.122376
20 May 2022 20:24:00.000,-0.023916,-0.992473,-0.078404,0.090987
20 May 2022 20:25:00.000,-0.028458,-0.994841,-0.077083,0.059499
20 May 2022 20:26:00.000,-0.032995,-0.996184,-0.075816,0.027945
20 May 2022 20:27:00.000,-0.037511,-0.996501,-0.074607,-0.003645
20 May 2022 20:28:00.000,-0.041987,-0.995791,-0.073457,-0.035239
20 May 2022 20:29:00.000,-0.046407,-0.994056,-0.072368,-0.066804
20 May 2022 20:30:00.000,-0.050752,-0.991297,-0.071339,-0.098308
20 May 2022 20:31:00.000,-0.055006,-0.987520,-0.070366,-0.129720
20 May 2022 20:32:00.000,-0.059153,-0.982728,-0.069448,-0.161008
20 May 2022 20:33:00.000,-0.063175,-0.976928,-0.068579,-0.192140
20 May 2022 20:34:00.000,-0.067059,-0.970127,-0.067753,-0.223084
20 May 2022 20:35:00.000,-0.070789,-0.962334,-0.066965,-0.253809
20 May 2022 20:36:00.000,-0.074352,-0.953557,-0.066205,-0.284283
20 May 2022 20:37:00.000,-0.077736,-0.943809,-0.065467,-0.314476
20 May 2022 20:38:00.000,-0.080930,-0.933101,-0.064740,-0.344357
20 May 2022 20:39:00.000,-0.083924,-0.921446,-0.064013,-0.373895
20 May 2022 20:40:00.000,-0.086708,-0.908857,-0.063277,-0.403060
20 May 2022 20:41:00.000,-0.089276,-0.895349,-0.062520,-0.431822
20 May 2022 20:42:00.000,-0.091621,-0.880939,-0.061731,-0.460153
20 May 2022 20:43:00.000,-0.093740,-0.865643,-0.060897,-0.488023
20 May 2022 20:44:00.000,-0.095629,-0.849478,-0.060007,-0.515404
20 May 2022 20:45:00.000,-0.097287,-0.832462,-0.059049,-0.542268
20 May 2022 20:46:00.000,-0.098713,-0.814616,-0.058011,-0.568587
20 May 2022 20:47:00.000,-0.099909,-0.795957,-0.056882,-0.594336
20 May 2022 20:48:00.000,-0.100877,-0.776508,-0.055651,-0.619486
20 May 2022 20:49:00.000,-0.101623,-0.756288,-0.054306,-0.644013
20 May 2022 20:50:00.000,-0.102150,-0.735319,-0.052839,-0.667891
20 May 2022 20:51:00.000,-0.102466,-0.713625,-0.051240,-0.691097
20 May 2022 20:52:00.000,-0.102579,-0.691227,-0.049501,-0.713606
20 May 2022 20:53:00.000,-0.102497,-0.668149,-0.047614,-0.735394
20 May 2022 20:54:00.000,-0.102230,-0.644415,-0.045573,-0.756440
20 May 2022 20:55:00.000,-0.101790,-0.620048,-0.043372,-0.776722
20 May 2022 20:56:00.000,-0.101188,-0.595075,-0.041009,-0.796219
20 May 2022 20:57:00.000,-0.100436,-0.569520,-0.038479,-0.814910
20 May 2022 20:58:00.000,-0.099548,-0.543409,-0.035781,-0.832777
20 May 2022 20:59:00.000,-0.098536,-0.516767,-0.032916,-0.849799
20 May 2022 21:00:00.000,-0.097414,-0.489622,-0.029883,-0.865961
20 May 2022 21:01:00.000,-0.096197,-0.461999,-0.026687,-0.881244
20 May 2022 21:02:00.000,-0.094898,-0.433927,-0.023330,-0.895632
20 May 2022 21:03:00.000,-0.093530,-0.405432,-0.019818,-0.909112
20 May 2022 21:04:00.000,-0.092109,-0.376543,-0.016157,-0.921667
20 May 2022 21:05:00.000,-0.090648,-0.347287,-0.012356,-0.933286
20 May 2022 21:06:00.000,-0.089158,-0.317693,-0.008424,-0.943955
20 May 2022 21:07:00.000,-0.087654,-0.287789,-0.004371,-0.953664
20 May 2022 21:08:00.000,-0.086147,-0.257604,-0.000209,-0.962403
20 May 2022 21:09:00.000,-0.084647,-0.227169,0.004050,-0.970161
20 May 2022 21:10:00.000,-0.083166,-0.196511,0.008392,-0.976932
20 May 2022 21:11:00.000,-0.081712,-0.165660,0.012802,-0.982709
20 May 2022 21:12:00.000,-0.080293,-0.134647,0.017264,-0.987484
20 May 2022 21:13:00.000,-0.078918,-0.103500,0.021764,-0.991255
20 May 2022 21:14:00.000,-0.077591,-0.072251,0.026284,-0.994016
20 May 2022 21:15:00.000,-0.076318,-0.040929,0.030808,-0.995767
20 May 2022 21:16:00.000,-0.075102,-0.009565,0.035318,-0.996504
20 May 2022 21:17:00.000,-0.073945,0.021811,0.039797,-0.996229
20 May 2022 21:18:00.000,-0.072849,0.053170,0.044227,-0.994942
20 May 2022 21:19:00.000,-0.071813,0.084479,0.048591,-0.992645
20 May 2022 21:20:00.000,-0.070835,0.115710,0.052873,-0.989342
20 May 2022 21:21:00.000,-0.069913,0.146832,0.057055,-0.985037
20 May 2022 21:22:00.000,-0.069043,0.177814,0.061122,-0.979734
20 May 2022 21:23:00.000,-0.068219,0.208627,0.065058,-0.973442
20 May 2022 21:24:00.000,-0.067435,0.239240,0.068848,-0.966166
20 May 2022 21:25:00.000,-0.066684,0.269624,0.072480,-0.957916
20 May 2022 21:26:00.000,-0.065957,0.299749,0.075939,-0.948701
20 May 2022 21:27:00.000,-0.065247,0.329584,0.079215,-0.938532
20 May 2022 21:28:00.000,-0.064541,0.359102,0.082297,-0.927420
20 May 2022 21:29:00.000,-0.063831,0.388273,0.085176,-0.915377
20 May 2022 21:30:00.000,-0.063105,0.417067,0.087843,-0.902417
20 May 2022 21:31:00.000,-0.062352,0.445457,0.090293,-0.888553
20 May 2022 21:32:00.000,-0.061560,0.473414,0.092519,-0.873802
20 May 2022 21:33:00.000,-0.060717,0.500911,0.094519,-0.858177
20 May 2022 21:34:00.000,-0.059811,0.527919,0.096290,-0.841696
20 May 2022 21:35:00.000,-0.058831,0.554412,0.097831,-0.824376
20 May 2022 21:36:00.000,-0.057764,0.580362,0.099142,-0.806235
20 May 2022 21:37:00.000,-0.056600,0.605743,0.100226,-0.787291
20 May 2022 21:38:00.000,-0.055327,0.630530,0.101086,-0.767563
20 May 2022 21:39:00.000,-0.053935,0.654695,0.101726,-0.747072
20 May 2022 21:40:00.000,-0.052415,0.678216,0.102152,-0.725838
20 May 2022 21:41:00.000,-0.050758,0.701066,0.102372,-0.703882
20 May 2022 21:42:00.000,-0.048956,0.723222,0.102393,-0.681226
20 May 2022 21:43:00.000,-0.047001,0.744660,0.102225,-0.657893
20 May 2022 21:44:00.000,-0.044889,0.765357,0.101879,-0.633904
20 May 2022 21:45:00.000,-0.042614,0.785291,0.101365,-0.609284
20 May 2022 21:46:00.000,-0.040172,0.804440,0.100695,-0.584057
20 May 2022 21:47:00.000,-0.037562,0.822784,0.099882,-0.558247
20 May 2022 21:48:00.000,-0.034783,0.840301,0.098939,-0.531879
20 May 2022 21:49:00.000,-0.031835,0.856973,0.097879,-0.504979
20 May 2022 21:50:00.000,-0.028719,0.872780,0.096716,-0.477573
20 May 2022 21:51:00.000,-0.025439,0.887705,0.095464,-0.449688
20 May 2022 21:52:00.000,-0.022000,0.901731,0.094137,-0.421351
20 May 2022 21:53:00.000,-0.018407,0.914841,0.092749,-0.392588
20 May 2022 21:54:00.000,-0.014669,0.927020,0.091312,-0.363429
20 May 2022 21:55:00.000,-0.010792,0.938254,0.089842,-0.333902
20 May 2022 21:56:00.000,-0.006788,0.948531,0.088349,-0.304036
20 May 2022 21:57:00.000,-0.002668,0.957837,0.086848,-0.273859
20 May 2022 21:58:00.000,0.001557,0.966162,0.085348,-0.243402
20 May 2022 21:59:00.000,0.005872,0.973496,0.083861,-0.212696
20 May 2022 22:00:00.000,0.010265,0.979829,0.082396,-0.181769
20 May 2022 22:01:00.000,0.014718,0.985156,0.080963,-0.150653
20 May 2022 22:02:00.000,0.019217,0.989469,0.079569,-0.119379
20 May 2022 22:03:00.000,0.023746,0.992763,0.078221,-0.087978
20 May 2022 22:04:00.000,0.028286,0.995034,0.076923,-0.056481
20 May 2022 22:05:00.000,0.032822,0.996280,0.075682,-0.024921
20 May 2022 22:06:00.000,0.037334,0.996500,0.074498,0.006672
20 May 2022 22:07:00.000,0.041806,0.995693,0.073374,0.038264
20 May 2022 22:08:00.000,0.046221,0.993861,0.072310,0.069826
20 May 2022 22:09:00.000,0.050560,0.991006,0.071305,0.101323
20 May 2022 22:10:00.000,0.054807,0.987132,0.070358,0.132725
20 May 2022 22:11:00.000,0.058945,0.982245,0.069463,0.164000
20 May 2022 22:12:00.000,0.062958,0.976349,0.068618,0.195115
20 May 2022 22:13:00.000,0.066832,0.969454,0.067815,0.226040
20 May 2022 22:14:00.000,0.070551,0.961567,0.067049,0.256742
20 May 2022 22:15:00.000,0.074103,0.952698,0.066311,0.287191
20 May 2022 22:16:00.000,0.077475,0.942858,0.065593,0.317356
20 May 2022 22:17:00.000,0.080656,0.932059,0.064884,0.347205
20 May 2022 22:18:00.000,0.083637,0.920314,0.064176,0.376708
20 May 2022 22:19:00.000,0.086408,0.907637,0.063456,0.405836
20 May 2022 22:20:00.000,0.088963,0.894042,0.062714,0.434558
20 May 2022 22:21:00.000,0.091296,0.879547,0.061938,0.462846
20 May 2022 22:22:00.000,0.093402,0.864166,0.061117,0.490670
20 May 2022 22:23:00.000,0.095279,0.847919,0.060237,0.518003
20 May 2022 22:24:00.000,0.096924,0.830823,0.059289,0.544815
20 May 2022 22:25:00.000,0.098339,0.812897,0.058259,0.571081
20 May 2022 22:26:00.000,0.099525,0.794162,0.057136,0.596772
20 May 2022 22:27:00.000,0.100483,0.774637,0.055909,0.621864
20 May 2022 22:28:00.000,0.101220,0.754344,0.054569,0.646330
20 May 2022 22:29:00.000,0.101739,0.733304,0.053104,0.670145
20 May 2022 22:30:00.000,0.102048,0.711541,0.051506,0.693284
20 May 2022 22:31:00.000,0.102155,0.689076,0.049766,0.715725
20 May 2022 22:32:00.000,0.102070,0.665933,0.047878,0.737443
20 May 2022 22:33:00.000,0.101800,0.642136,0.045834,0.758417
20 May 2022 22:34:00.000,0.101359,0.617710,0.043631,0.778625
20 May 2022 22:35:00.000,0.100757,0.592679,0.041263,0.798046
20 May 2022 22:36:00.000,0.100008,0.567068,0.038728,0.816659
20 May 2022 22:37:00.000,0.099123,0.540904,0.036025,0.834446
20 May 2022 22:38:00.000,0.098116,0.514211,0.033154,0.851388
20 May 2022 22:39:00.000,0.097001,0.487018,0.030115,0.867466
20 May 2022 22:40:00.000,0.095792,0.459350,0.026912,0.882665
20 May 2022 22:41:00.000,0.094503,0.431235,0.023549,0.896968
20 May 2022 22:42:00.000,0.093148,0.402700,0.020030,0.910360
20 May 2022 22:43:00.000,0.091740,0.373773,0.016363,0.922827
20 May 2022 22:44:00.000,0.090293,0.344482,0.012556,0.934356
20 May 2022 22:45:00.000,0.088820,0.314856,0.008618,0.944935
20 May 2022 22:46:00.000,0.087333,0.284923,0.004560,0.954553
20 May 2022 22:47:00.000,0.085845,0.254712,0.000393,0.963199
20 May 2022 22:48:00.000,0.084365,0.224253,-0.003870,0.970865
20 May 2022 22:49:00.000,0.082905,0.193574,-0.008214,0.977542
20 May 2022 22:50:00.000,0.081473,0.162705,-0.012627,0.983224
20 May 2022 22:51:00.000,0.080078,0.131677,-0.017091,0.987905
20 May 2022 22:52:00.000,0.078726,0.100519,-0.021591,0.991581
20 May 2022 22:53:00.000,0.077424,0.069261,-0.026111,0.994247
20 May 2022 22:54:00.000,0.076175,0.037933,-0.030633,0.995902
20 May 2022 22:55:00.000,0.074984,0.006565,-0.035140,0.996544
20 May 2022 22:56:00.000,0.073853,-0.024811,-0.039615,0.996173
20 May 2022 22:57:00.000,0.072782,-0.056167,-0.044041,0.994791
20 May 2022 22:58:00.000,0.071771,-0.087471,-0.048399,0.992399
20 May 2022 22:59:00.000,0.070818,-0.118693,-0.052674,0.989001
20 May 2022 23:00:00.000,0.069920,-0.149803,-0.056849,0.984601
20 May 2022 23:01:00.000,0.069074,-0.180771,-0.060907,0.979204
20 May 2022 23:02:00.000,0.068273,-0.211566,-0.064833,0.972818
20 May 2022 23:03:00.000,0.067511,-0.242158,-0.068613,0.965450
20 May 2022 23:04:00.000,0.066782,-0.272519,-0.072234,0.957108
20 May 2022 23:05:00.000,0.066076,-0.302617,-0.075682,0.947802
20 May 2022 23:06:00.000,0.065384,-0.332424,-0.078946,0.937543
20 May 2022 23:07:00.000,0.064697,-0.361909,-0.082015,0.926342
20 May 2022 23:08:00.000,0.064004,-0.391045,-0.084881,0.914211
20 May 2022 23:09:00.000,0.063293,-0.419802,-0.087536,0.901165
20 May 2022 23:10:00.000,0.062554,-0.448152,-0.089973,0.887216
20 May 2022 23:11:00.000,0.061775,-0.476066,-0.092187,0.872380
20 May 2022 23:12:00.000,0.060943,-0.503517,-0.094174,0.856673
20 May 2022 23:13:00.000,0.060047,-0.530477,-0.095933,0.840110
20 May 2022 23:14:00.000,0.059075,-0.556919,-0.097462,0.822711
20 May 2022 23:15:00.000,0.058015,-0.582816,-0.098762,0.804491
20 May 2022 23:16:00.000,0.056857,-0.608141,-0.099836,0.785471
20 May 2022 23:17:00.000,0.055588,-0.632869,-0.100686,0.765669
20 May 2022 23:18:00.000,0.054199,-0.656975,-0.101318,0.745105
20 May 2022 23:19:00.000,0.052681,-0.680432,-0.101737,0.723800
20 May 2022 23:20:00.000,0.051024,-0.703217,-0.101951,0.701776
20 May 2022 23:21:00.000,0.049220,-0.725305,-0.101967,0.679053
20 May 2022 23:22:00.000,0.047264,-0.746673,-0.101796,0.655654
20 May 2022 23:23:00.000,0.045149,-0.767299,-0.101448,0.631603
20 May 2022 23:24:00.000,0.042870,-0.787159,-0.100934,0.606923
20 May 2022 23:25:00.000,0.040424,-0.806233,-0.100265,0.581637
20 May 2022 23:26:00.000,0.037809,-0.824498,-0.099455,0.555771
20 May 2022 23:27:00.000,0.035023,-0.841936,-0.098516,0.529350
20 May 2022 23:28:00.000,0.032069,-0.858527,-0.097462,0.502399
20 May 2022 23:29:00.000,0.028947,-0.874251,-0.096307,0.474944
20 May 2022 23:30:00.000,0.025660,-0.889092,-0.095064,0.447013
20 May 2022 23:31:00.000,0.022215,-0.903031,-0.093748,0.418632
20 May 2022 23:32:00.000,0.018615,-0.916054,-0.092372,0.389829
20 May 2022 23:33:00.000,0.014870,-0.928144,-0.090950,0.360631
20 May 2022 23:34:00.000,0.010988,-0.939289,-0.089495,0.331069
20 May 2022 23:35:00.000,0.006978,-0.949474,-0.088019,0.301170
20 May 2022 23:36:00.000,0.002852,-0.958688,-0.086536,0.270964
20 May 2022 23:37:00.000,-0.001377,-0.966919,-0.085056,0.240480
20 May 2022 23:38:00.000,-0.005696,-0.974159,-0.083589,0.209750
20 May 2022 23:39:00.000,-0.010091,-0.980398,-0.082147,0.178802
20 May 2022 23:40:00.000,-0.014546,-0.985629,-0.080736,0.147668
20 May 2022 23:41:00.000,-0.019047,-0.989846,-0.079365,0.116380
20 May 2022 23:42:00.000,-0.023575,-0.993043,-0.078041,0.084967
20 May 2022 23:43:00.000,-0.028114,-0.995218,-0.076769,0.053462
20 May 2022 23:44:00.000,-0.032648,-0.996367,-0.075552,0.021896
20 May 2022 23:45:00.000,-0.037157,-0.996489,-0.074393,-0.009699
20 May 2022 23:46:00.000,-0.041625,-0.995585,-0.073295,-0.041291
20 May 2022 23:47:00.000,-0.046034,-0.993656,-0.072256,-0.072848
20 May 2022 23:48:00.000,-0.050367,-0.990705,-0.071276,-0.104338
20 May 2022 23:49:00.000,-0.054606,-0.986735,-0.070353,-0.135730
20 May 2022 23:50:00.000,-0.058736,-0.981752,-0.069483,-0.166991
20 May 2022 23:51:00.000,-0.062740,-0.975761,-0.068661,-0.198090
20 May 2022 23:52:00.000,-0.066604,-0.968771,-0.067882,-0.228995
20 May 2022 23:53:00.000,-0.070312,-0.960790,-0.067138,-0.259674
20 May 2022 23:54:00.000,-0.073853,-0.951829,-0.066421,-0.290097
20 May 2022 23:55:00.000,-0.077213,-0.941897,-0.065722,-0.320233
20 May 2022 23:56:00.000,-0.080382,-0.931007,-0.065032,-0.350050
20 May 2022 23:57:00.000,-0.083350,-0.919173,-0.064341,-0.379519
20 May 2022 23:58:00.000,-0.086109,-0.906407,-0.063638,-0.408609
20 May 2022 23:59:00.000,-0.088651,-0.892726,-0.062911,-0.437290
21 May 2022 00:00:00.000,-0.090971,-0.878145,-0.062149,-0.465535
21 May 2022 00:01:00.000,-0.093064,-0.862681,-0.061339,-0.493313
21 May 2022 00:02:00.000,-0.094928,-0.846352,-0.060470,-0.520596
21 May 2022 00:03:00.000,-0.096562,-0.829175,-0.059531,-0.547357
21 May 2022 00:04:00.000,-0.097966,-0.811171,-0.058508,-0.573569
21 May 2022 00:05:00.000,-0.099140,-0.792359,-0.057392,-0.599204
21 May 2022 00:06:00.000,-0.100089,-0.772759,-0.056170,-0.624236
21 May 2022 00:07:00.000,-0.100817,-0.752393,-0.054833,-0.648641
21 May 2022 00:08:00.000,-0.101329,-0.731282,-0.053370,-0.672392
21 May 2022 00:09:00.000,-0.101631,-0.709450,-0.051772,-0.695465
21 May 2022 00:10:00.000,-0.101733,-0.686918,-0.050032,-0.717838
21 May 2022 00:11:00.000,-0.101643,-0.663710,-0.048143,-0.739486
21 May 2022 00:12:00.000,-0.101372,-0.639851,-0.046097,-0.760387
21 May 2022 00:13:00.000,-0.100930,-0.615365,-0.043890,-0.780521
21 May 2022 00:14:00.000,-0.100328,-0.590276,-0.041518,-0.799865
21 May 2022 00:15:00.000,-0.099581,-0.564610,-0.038978,-0.818401
21 May 2022 00:16:00.000,-0.098699,-0.538393,-0.036269,-0.836108
21 May 2022 00:17:00.000,-0.097698,-0.511650,-0.033392,-0.852968
21 May 2022 00:18:00.000,-0.096590,-0.484409,-0.030347,-0.868963
21 May 2022 00:19:00.000,-0.095390,-0.456696,-0.027138,-0.884077
21 May 2022 00:20:00.000,-0.094111,-0.428538,-0.023768,-0.898295
21 May 2022 00:21:00.000,-0.092768,-0.399963,-0.020243,-0.911600
21 May 2022 00:22:00.000,-0.091374,-0.370999,-0.016569,-0.923978
21 May 2022 00:23:00.000,-0.089942,-0.341674,-0.012756,-0.935418
21 May 2022 00:24:00.000,-0.088485,-0.312016,-0.008812,-0.945906
21 May 2022 00:25:00.000,-0.087016,-0.282054,-0.004749,-0.955433
21 May 2022 00:26:00.000,-0.085547,-0.251817,-0.000577,-0.963986
21 May 2022 00:27:00.000,-0.084087,-0.221334,0.003689,-0.971559
21 May 2022 00:28:00.000,-0.082648,-0.190635,0.008037,-0.978143
21 May 2022 00:29:00.000,-0.081239,-0.159749,0.012452,-0.983730
21 May 2022 00:30:00.000,-0.079867,-0.128706,0.016917,-0.988317
21 May 2022 00:31:00.000,-0.078539,-0.097536,0.021418,-0.991897
21 May 2022 00:32:00.000,-0.077260,-0.066269,0.025937,-0.994468
21 May 2022 00:33:00.000,-0.076037,-0.034935,0.030458,-0.996027
21 May 2022 00:34:00.000,-0.074871,-0.003565,0.034962,-0.996574
21 May 2022 00:35:00.000,-0.073765,0.027812,0.039434,-0.996108
21 May 2022 00:36:00.000,-0.072719,0.059164,0.043854,-0.994630
21 May 2022 00:37:00.000,-0.071733,0.090462,0.048207,-0.992143
21 May 2022 00:38:00.000,-0.070805,0.121675,0.052475,-0.988650
21 May 2022 00:39:00.000,-0.069931,0.152773,0.056642,-0.984155
21 May 2022 00:40:00.000,-0.069108,0.183726,0.060691,-0.978665
21 May 2022 00:41:00.000,-0.068331,0.214503,0.064608,-0.972186
21 May 2022 00:42:00.000,-0.067591,0.245075,0.068378,-0.964725
21 May 2022 00:43:00.000,-0.066883,0.275411,0.071988,-0.956291
21 May 2022 00:44:00.000,-0.066198,0.305483,0.075424,-0.946895
21 May 2022 00:45:00.000,-0.065525,0.335260,0.078676,-0.936545
21 May 2022 00:46:00.000,-0.064856,0.364713,0.081733,-0.925255
21 May 2022 00:47:00.000,-0.064180,0.393814,0.084586,-0.913037
21 May 2022 00:48:00.000,-0.063485,0.422533,0.087228,-0.899904
21 May 2022 00:49:00.000,-0.062760,0.450843,0.089652,-0.885869
21 May 2022 00:50:00.000,-0.061993,0.478714,0.091853,-0.870950
21 May 2022 00:51:00.000,-0.061172,0.506119,0.093828,-0.855160
21 May 2022 00:52:00.000,-0.060286,0.533030,0.095575,-0.838516
21 May 2022 00:53:00.000,-0.059322,0.559421,0.097093,-0.821037
21 May 2022 00:54:00.000,-0.058269,0.585264,0.098382,-0.802740
21 May 2022 00:55:00.000,-0.057116,0.610534,0.099446,-0.783643
21 May 2022 00:56:00.000,-0.055851,0.635203,0.100287,-0.763767
21 May 2022 00:57:00.000,-0.054464,0.659248,0.100911,-0.743131
21 May 2022 00:58:00.000,-0.052947,0.682642,0.101323,-0.721755
21 May 2022 00:59:00.000,-0.051290,0.705361,0.101530,-0.699662
21 May 2022 01:00:00.000,-0.049486,0.727382,0.101543,-0.676872
21 May 2022 01:01:00.000,-0.047528,0.748680,0.101368,-0.653409
21 May 2022 01:02:00.000,-0.045409,0.769234,0.101018,-0.629295
21 May 2022 01:03:00.000,-0.043126,0.789020,0.100504,-0.604555
21 May 2022 01:04:00.000,-0.040676,0.808018,0.099836,-0.579211
21 May 2022 01:05:00.000,-0.038055,0.826206,0.099029,-0.553289
21 May 2022 01:06:00.000,-0.035264,0.843564,0.098095,-0.526815
21 May 2022 01:07:00.000,-0.032303,0.860073,0.097047,-0.499813
21 May 2022 01:08:00.000,-0.029175,0.875714,0.095900,-0.472310
21 May 2022 01:09:00.000,-0.025882,0.890470,0.094666,-0.444332
21 May 2022 01:10:00.000,-0.022429,0.904324,0.093361,-0.415908
21 May 2022 01:11:00.000,-0.018823,0.917258,0.091998,-0.387064
21 May 2022 01:12:00.000,-0.015071,0.929260,0.090590,-0.357830
21 May 2022 01:13:00.000,-0.011183,0.940314,0.089151,-0.328232
21 May 2022 01:14:00.000,-0.007168,0.950408,0.087693,-0.298301
21 May 2022 01:15:00.000,-0.003037,0.959529,0.086228,-0.268065
21 May 2022 01:16:00.000,0.001196,0.967668,0.084767,-0.237555
21 May 2022 01:17:00.000,0.005519,0.974813,0.083322,-0.206801
21 May 2022 01:18:00.000,0.009917,0.980957,0.081901,-0.175833
21 May 2022 01:19:00.000,0.014375,0.986092,0.080513,-0.144682
21 May 2022 01:20:00.000,0.018876,0.990213,0.079166,-0.113379
21 May 2022 01:21:00.000,0.023404,0.993314,0.077866,-0.081955
21 May 2022 01:22:00.000,0.027942,0.995392,0.076618,-0.050442
21 May 2022 01:23:00.000,0.032474,0.996444,0.075426,-0.018871
21 May 2022 01:24:00.000,0.036980,0.996469,0.074293,0.012726
21 May 2022 01:25:00.000,0.041443,0.995468,0.073219,0.044317
21 May 2022 01:26:00.000,0.045847,0.993443,0.072206,0.075869
21 May 2022 01:27:00.000,0.050173,0.990395,0.071252,0.107352
21 May 2022 01:28:00.000,0.054405,0.986328,0.070353,0.138733
21 May 2022 01:29:00.000,0.058527,0.981249,0.069507,0.169981
21 May 2022 01:30:00.000,0.062522,0.975164,0.068709,0.201063
21 May 2022 01:31:00.000,0.066375,0.968079,0.067952,0.231948
21 May 2022 01:32:00.000,0.070073,0.960005,0.067230,0.262604
21 May 2022 01:33:00.000,0.073602,0.950950,0.066534,0.293001
21 May 2022 01:34:00.000,0.076951,0.940927,0.065855,0.323107
21 May 2022 01:35:00.000,0.080107,0.929947,0.065184,0.352892
21 May 2022 01:36:00.000,0.083063,0.918023,0.064510,0.382326
21 May 2022 01:37:00.000,0.085808,0.905170,0.063823,0.411378
21 May 2022 01:38:00.000,0.088338,0.891402,0.063111,0.440019
21 May 2022 01:39:00.000,0.090645,0.876736,0.062362,0.468219
21 May 2022 01:40:00.000,0.092725,0.861188,0.061564,0.495951
21 May 2022 01:41:00.000,0.094578,0.844776,0.060706,0.523185
21 May 2022 01:42:00.000,0.096200,0.827520,0.059775,0.549895
21 May 2022 01:43:00.000,0.097592,0.809437,0.058760,0.576052
21 May 2022 01:44:00.000,0.098756,0.790547,0.057649,0.601630
21 May 2022 01:45:00.000,0.099696,0.770873,0.056432,0.626603
21 May 2022 01:46:00.000,0.100415,0.750434,0.055098,0.650946
21 May 2022 01:47:00.000,0.100919,0.729253,0.053637,0.674633
21 May 2022 01:48:00.000,0.101215,0.707351,0.052041,0.697640
21 May 2022 01:49:00.000,0.101312,0.684753,0.050300,0.719944
21 May 2022 01:50:00.000,0.101218,0.661481,0.048409,0.741521
21 May 2022 01:51:00.000,0.100944,0.637560,0.046360,0.762350
21 May 2022 01:52:00.000,0.100501,0.613014,0.044149,0.782409
21 May 2022 01:53:00.000,0.099901,0.587868,0.041773,0.801677
21 May 2022 01:54:00.000,0.099155,0.562147,0.039228,0.820134
21 May 2022 01:55:00.000,0.098278,0.535877,0.036514,0.837761
21 May 2022 01:56:00.000,0.097282,0.509084,0.033631,0.854540
21 May 2022 01:57:00.000,0.096182,0.481795,0.030580,0.870452
21 May 2022 01:58:00.000,0.094990,0.454037,0.027364,0.885482
21 May 2022 01:59:00.000,0.093722,0.425837,0.023987,0.899613
21 May 2022 02:00:00.000,0.092391,0.397222,0.020455,0.912831
21 May 2022 02:01:00.000,0.091010,0.368221,0.016775,0.925121
21 May 2022 02:02:00.000,0.089593,0.338862,0.012956,0.936471
21 May 2022 02:03:00.000,0.088154,0.309172,0.009007,0.946869
21 May 2022 02:04:00.000,0.086703,0.279181,0.004938,0.956303
21 May 2022 02:05:00.000,0.085252,0.248918,0.000762,0.964765
21 May 2022 02:06:00.000,0.083813,0.218413,-0.003509,0.972244
21 May 2022 02:07:00.000,0.082396,0.187693,-0.007860,0.978734
21 May 2022 02:08:00.000,0.081009,0.156790,-0.012277,0.984227
21 May 2022 02:09:00.000,0.079659,0.125733,-0.016744,0.988719
21 May 2022 02:10:00.000,0.078355,0.094552,-0.021245,0.992204
21 May 2022 02:11:00.000,0.077101,0.063276,-0.025763,0.994680
21 May 2022 02:12:00.000,0.075903,0.031937,-0.030282,0.996143
21 May 2022 02:13:00.000,0.074762,0.000564,-0.034784,0.996594
21 May 2022 02:14:00.000,0.073681,-0.030812,-0.039252,0.996033
21 May 2022 02:15:00.000,0.072660,-0.062161,-0.043667,0.994459
21 May 2022 02:16:00.000,0.071699,-0.093452,-0.048014,0.991877
21 May 2022 02:17:00.000,0.070796,-0.124656,-0.052275,0.988289
21 May 2022 02:18:00.000,0.069947,-0.155742,-0.056434,0.983701
21 May 2022 02:19:00.000,0.069147,-0.186679,-0.060475,0.978117
21 May 2022 02:20:00.000,0.068393,-0.217438,-0.064382,0.971544
21 May 2022 02:21:00.000,0.067676,-0.247989,-0.068142,0.963991
21 May 2022 02:22:00.000,0.066989,-0.278301,-0.071741,0.955465
21 May 2022 02:23:00.000,0.066323,-0.308346,-0.075165,0.945978
21 May 2022 02:24:00.000,0.065670,-0.338094,-0.078405,0.935539
21 May 2022 02:25:00.000,0.065019,-0.367515,-0.081450,0.924160
21 May 2022 02:26:00.000,0.064359,-0.396580,-0.084291,0.911854
21 May 2022 02:27:00.000,0.063679,-0.425261,-0.086920,0.898634
21 May 2022 02:28:00.000,0.062968,-0.453529,-0.089331,0.884515
21 May 2022 02:29:00.000,0.062213,-0.481357,-0.091520,0.869511
21 May 2022 02:30:00.000,0.061404,-0.508716,-0.093483,0.853638
21 May 2022 02:31:00.000,0.060527,-0.535579,-0.095217,0.836914
21 May 2022 02:32:00.000,0.059571,-0.561918,-0.096724,0.819356
21 May 2022 02:33:00.000,0.058525,-0.587708,-0.098003,0.800981
21 May 2022 02:34:00.000,0.057376,-0.612921,-0.099056,0.781808
21 May 2022 02:35:00.000,0.056115,-0.637532,-0.099888,0.761858
21 May 2022 02:36:00.000,0.054732,-0.661515,-0.100504,0.741149
21 May 2022 02:37:00.000,0.053215,-0.684846,-0.100909,0.719703
21 May 2022 02:38:00.000,0.051559,-0.707499,-0.101111,0.697541
21 May 2022 02:39:00.000,0.049753,-0.729452,-0.101119,0.674685
21 May 2022 02:40:00.000,0.047792,-0.750681,-0.100942,0.651157
21 May 2022 02:41:00.000,0.045671,-0.771162,-0.100590,0.626981
21 May 2022 02:42:00.000,0.043384,-0.790874,-0.100075,0.602180
21 May 2022 02:43:00.000,0.040928,-0.809796,-0.099409,0.576779
21 May 2022 02:44:00.000,0.038302,-0.827906,-0.098605,0.550802
21 May 2022 02:45:00.000,0.035505,-0.845184,-0.097676,0.524274
21 May 2022 02:46:00.000,0.032538,-0.861611,-0.096634,0.497221
21 May 2022 02:47:00.000,0.029403,-0.877169,-0.095495,0.469670
21 May 2022 02:48:00.000,0.026103,-0.891840,-0.094272,0.441647
21 May 2022 02:49:00.000,0.022644,-0.905607,-0.092978,0.413180
21 May 2022 02:50:00.000,0.019031,-0.918455,-0.091627,0.384296
21 May 2022 02:51:00.000,0.015273,-0.930367,-0.090234,0.355024
21 May 2022 02:52:00.000,0.011378,-0.941331,-0.088810,0.325391
21 May 2022 02:53:00.000,0.007358,-0.951333,-0.087370,0.295428
21 May 2022 02:54:00.000,0.003222,-0.960362,-0.085923,0.265164
21 May 2022 02:55:00.000,-0.001016,-0.968407,-0.084482,0.234627
21 May 2022 02:56:00.000,-0.005342,-0.975458,-0.083058,0.203850
21 May 2022 02:57:00.000,-0.009743,-0.981507,-0.081659,0.172862
21 May 2022 02:58:00.000,-0.014203,-0.986547,-0.080294,0.141693
21 May 2022 02:59:00.000,-0.018705,-0.990571,-0.078971,0.110376
21 May 2022 03:00:00.000,-0.023233,-0.993575,-0.077695,0.078941
21 May 2022 03:01:00.000,-0.027770,-0.995556,-0.076472,0.047420
21 May 2022 03:02:00.000,-0.032299,-0.996511,-0.075305,0.015844
21 May 2022 03:03:00.000,-0.036802,-0.996440,-0.074197,-0.015754
21 May 2022 03:04:00.000,-0.041261,-0.995342,-0.073149,-0.047343
21 May 2022 03:05:00.000,-0.045660,-0.993219,-0.072161,-0.078891
21 May 2022 03:06:00.000,-0.049979,-0.990074,-0.071231,-0.110366
21 May 2022 03:07:00.000,-0.054204,-0.985912,-0.070357,-0.141736
21 May 2022 03:08:00.000,-0.058317,-0.980737,-0.069536,-0.172969
21 May 2022 03:09:00.000,-0.062303,-0.974557,-0.068761,-0.204034
21 May 2022 03:10:00.000,-0.066146,-0.967378,-0.068027,-0.234899
21 May 2022 03:11:00.000,-0.069833,-0.959210,-0.067326,-0.265532
21 May 2022 03:12:00.000,-0.073351,-0.950063,-0.066651,-0.295902
21 May 2022 03:13:00.000,-0.076688,-0.939948,-0.065992,-0.325979
21 May 2022 03:14:00.000,-0.079832,-0.928877,-0.065339,-0.355731
21 May 2022 03:15:00.000,-0.082775,-0.916864,-0.064683,-0.385129
21 May 2022 03:16:00.000,-0.085508,-0.903923,-0.064012,-0.414143
21 May 2022 03:17:00.000,-0.088024,-0.890068,-0.063314,-0.442743
21 May 2022 03:18:00.000,-0.090318,-0.875317,-0.062578,-0.470899
21 May 2022 03:19:00.000,-0.092387,-0.859686,-0.061792,-0.498584
21 May 2022 03:20:00.000,-0.094227,-0.843193,-0.060944,-0.525769
21 May 2022 03:21:00.000,-0.095837,-0.825856,-0.060022,-0.552427
21 May 2022 03:22:00.000,-0.097218,-0.807694,-0.059014,-0.578529
21 May 2022 03:23:00.000,-0.098372,-0.788729,-0.057909,-0.604050
21 May 2022 03:24:00.000,-0.099302,-0.768979,-0.056697,-0.628964
21 May 2022 03:25:00.000,-0.100013,-0.748468,-0.055365,-0.653244
21 May 2022 03:26:00.000,-0.100509,-0.727216,-0.053906,-0.676867
21 May 2022 03:27:00.000,-0.100800,-0.705246,-0.052310,-0.699808
21 May 2022 03:28:00.000,-0.100891,-0.682581,-0.050569,-0.722043
21 May 2022 03:29:00.000,-0.100794,-0.659245,-0.048676,-0.743550
21 May 2022 03:30:00.000,-0.100518,-0.635262,-0.046624,-0.764306
21 May 2022 03:31:00.000,-0.100074,-0.610657,-0.044410,-0.784290
21 May 2022 03:32:00.000,-0.099475,-0.585453,-0.042029,-0.803482
21 May 2022 03:33:00.000,-0.098732,-0.559677,-0.039479,-0.821860
21 May 2022 03:34:00.000,-0.097859,-0.533355,-0.036759,-0.839407
21 May 2022 03:35:00.000,-0.096869,-0.506513,-0.033870,-0.856104
21 May 2022 03:36:00.000,-0.095776,-0.479177,-0.030812,-0.871933
21 May 2022 03:37:00.000,-0.094593,-0.451374,-0.027590,-0.886878
21 May 2022 03:38:00.000,-0.093336,-0.423131,-0.024206,-0.900923
21 May 2022 03:39:00.000,-0.092017,-0.394477,-0.020668,-0.914053
21 May 2022 03:40:00.000,-0.090650,-0.365439,-0.016982,-0.926255
21 May 2022 03:41:00.000,-0.089249,-0.336046,-0.013156,-0.937515
21 May 2022 03:42:00.000,-0.087825,-0.306325,-0.009201,-0.947822
21 May 2022 03:43:00.000,-0.086393,-0.276306,-0.005127,-0.957165
21 May 2022 03:44:00.000,-0.084962,-0.246017,-0.000946,-0.965534
21 May 2022 03:45:00.000,-0.083543,-0.215489,0.003328,-0.972920
21 May 2022 03:46:00.000,-0.082147,-0.184750,0.007683,-0.979316
21 May 2022 03:47:00.000,-0.080782,-0.153829,0.012102,-0.984715
21 May 2022 03:48:00.000,-0.079456,-0.122758,0.016570,-0.989112
21 May 2022 03:49:00.000,-0.078176,-0.091566,0.021072,-0.992502
21 May 2022 03:50:00.000,-0.076947,-0.060282,0.025589,-0.994882
21 May 2022 03:51:00.000,-0.075773,-0.028938,0.030107,-0.996250
21 May 2022 03:52:00.000,-0.074657,0.002437,0.034606,-0.996606
21 May 2022 03:53:00.000,-0.073601,0.033813,0.039069,-0.995948
21 May 2022 03:54:00.000,-0.072606,0.065158,0.043480,-0.994280
21 May 2022 03:55:00.000,-0.071670,0.096443,0.047821,-0.991602
21 May 2022 03:56:00.000,-0.070791,0.127637,0.052075,-0.987920
21 May 2022 03:57:00.000,-0.069966,0.158710,0.056226,-0.983237
21 May 2022 03:58:00.000,-0.069190,0.189631,0.060258,-0.977559
21 May 2022 03:59:00.000,-0.068459,0.220372,0.064156,-0.970893
21 May 2022 04:00:00.000,-0.067764,0.250901,0.067906,-0.963247
21 May 2022 04:01:00.000,-0.067098,0.281190,0.071493,-0.954630
21 May 2022 04:02:00.000,-0.066452,0.311207,0.074906,-0.945052
21 May 2022 04:03:00.000,-0.065818,0.340925,0.078134,-0.934523
21 May 2022 04:04:00.000,-0.065184,0.370313,0.081167,-0.923056
21 May 2022 04:05:00.000,-0.064541,0.399342,0.083995,-0.910662
21 May 2022 04:06:00.000,-0.063876,0.427985,0.086611,-0.897356
21 May 2022 04:07:00.000,-0.063179,0.456212,0.089010,-0.883151
21 May 2022 04:08:00.000,-0.062437,0.483996,0.091186,-0.868064
21 May 2022 04:09:00.000,-0.061638,0.511309,0.093137,-0.852109
21 May 2022 04:10:00.000,-0.060771,0.538122,0.094860,-0.835304
21 May 2022 04:11:00.000,-0.059823,0.564410,0.096355,-0.817666
21 May 2022 04:12:00.000,-0.058783,0.590146,0.097623,-0.799214
21 May 2022 04:13:00.000,-0.057639,0.615302,0.098667,-0.779965
21 May 2022 04:14:00.000,-0.056382,0.639854,0.099490,-0.759940
21 May 2022 04:15:00.000,-0.055000,0.663776,0.100098,-0.739159
21 May 2022 04:16:00.000,-0.053485,0.687043,0.100496,-0.717643
21 May 2022 04:17:00.000,-0.051828,0.709631,0.100692,-0.695413
21 May 2022 04:18:00.000,-0.050021,0.731516,0.100696,-0.672490
21 May 2022 04:19:00.000,-0.048058,0.752674,0.100516,-0.648898
21 May 2022 04:20:00.000,-0.045933,0.773083,0.100163,-0.624660
21 May 2022 04:21:00.000,-0.043642,0.792721,0.099648,-0.599799
21 May 2022 04:22:00.000,-0.041181,0.811566,0.098984,-0.574340
21 May 2022 04:23:00.000,-0.038550,0.829598,0.098183,-0.548308
21 May 2022 04:24:00.000,-0.035747,0.846796,0.097259,-0.521727
21 May 2022 04:25:00.000,-0.032773,0.863142,0.096224,-0.494624
21 May 2022 04:26:00.000,-0.029631,0.878616,0.095093,-0.467025
21 May 2022 04:27:00.000,-0.026324,0.893202,0.093879,-0.438957
21 May 2022 04:28:00.000,-0.022858,0.906883,0.092597,-0.410447
21 May 2022 04:29:00.000,-0.019239,0.919642,0.091260,-0.381523
21 May 2022 04:30:00.000,-0.015474,0.931465,0.089881,-0.352213
21 May 2022 04:31:00.000,-0.011574,0.942339,0.088473,-0.322547
21 May 2022 04:32:00.000,-0.007547,0.952249,0.087050,-0.292552
21 May 2022 04:33:00.000,-0.003407,0.961186,0.085622,-0.262258
21 May 2022 04:34:00.000,0.000836,0.969137,0.084202,-0.231697
21 May 2022 04:35:00.000,0.005166,0.976093,0.082798,-0.200896
21 May 2022 04:36:00.000,0.009569,0.982047,0.081421,-0.169888
21 May 2022 04:37:00.000,0.014031,0.986991,0.080079,-0.138703
21 May 2022 04:38:00.000,0.018534,0.990920,0.078780,-0.107372
21 May 2022 04:39:00.000,0.023062,0.993827,0.077528,-0.075926
21 May 2022 04:40:00.000,0.027598,0.995711,0.076330,-0.044398
21 May 2022 04:41:00.000,0.032125,0.996569,0.075188,-0.012817
21 May 2022 04:42:00.000,0.036624,0.996401,0.074105,0.018782
21 May 2022 04:43:00.000,0.041079,0.995206,0.073082,0.050369
21 May 2022 04:44:00.000,0.045472,0.992986,0.072120,0.081912
21 May 2022 04:45:00.000,0.049785,0.989745,0.071215,0.113379
21 May 2022 04:46:00.000,0.054002,0.985486,0.070366,0.144738
21 May 2022 04:47:00.000,0.058107,0.980216,0.069568,0.175957
21 May 2022 04:48:00.000,0.062083,0.973940,0.068816,0.207004
21 May 2022 04:49:00.000,0.065917,0.966667,0.068105,0.237848
21 May 2022 04:50:00.000,0.069593,0.958406,0.067426,0.268457
21 May 2022 04:51:00.000,0.073099,0.949166,0.066771,0.298801
21 May 2022 04:52:00.000,0.076424,0.938960,0.066132,0.328848
21 May 2022 04:53:00.000,0.079556,0.927799,0.065498,0.358567
21 May 2022 04:54:00.000,0.082486,0.915696,0.064859,0.387930
21 May 2022 04:55:00.000,0.085206,0.902667,0.064203,0.416905
21 May 2022 04:56:00.000,0.087710,0.888727,0.063520,0.445463
21 May 2022 04:57:00.000,0.089992,0.873890,0.062797,0.473575
21 May 2022 04:58:00.000,0.092048,0.858176,0.062022,0.501213
21 May 2022 04:59:00.000,0.093876,0.841601,0.061184,0.528349
21 May 2022 05:00:00.000,0.095474,0.824184,0.060271,0.554954
21 May 2022 05:01:00.000,0.096845,0.805944,0.059270,0.581001
21 May 2022 05:02:00.000,0.097989,0.786902,0.058171,0.606465
21 May 2022 05:03:00.000,0.098909,0.767078,0.056963,0.631319
21 May 2022 05:04:00.000,0.099611,0.746494,0.055634,0.655537
21 May 2022 05:05:00.000,0.100101,0.725172,0.054177,0.679095
21 May 2022 05:06:00.000,0.100385,0.703134,0.052581,0.701970
21 May 2022 05:07:00.000,0.100472,0.680403,0.050839,0.724136
21 May 2022 05:08:00.000,0.100371,0.657003,0.048943,0.745572
21 May 2022 05:09:00.000,0.100093,0.632958,0.046889,0.766255
21 May 2022 05:10:00.000,0.099649,0.608293,0.044671,0.786164
21 May 2022 05:11:00.000,0.099051,0.583033,0.042286,0.805279
21 May 2022 05:12:00.000,0.098310,0.557202,0.039731,0.823579
21 May 2022 05:13:00.000,0.097442,0.530828,0.037005,0.841045
21 May 2022 05:14:00.000,0.096457,0.503936,0.034109,0.857660
21 May 2022 05:15:00.000,0.095372,0.476553,0.031045,0.873406
21 May 2022 05:16:00.000,0.094199,0.448705,0.027816,0.888266
21 May 2022 05:17:00.000,0.092952,0.420421,0.024426,0.902225
21 May 2022 05:18:00.000,0.091646,0.391728,0.020881,0.915267
21 May 2022 05:19:00.000,0.090293,0.362654,0.017188,0.927380
21 May 2022 05:20:00.000,0.088907,0.333226,0.013356,0.938551
21 May 2022 05:21:00.000,0.087501,0.303474,0.009395,0.948767
21 May 2022 05:22:00.000,0.086086,0.273427,0.005316,0.958018
21 May 2022 05:23:00.000,0.084674,0.243113,0.001131,0.966294
21 May 2022 05:24:00.000,0.083277,0.212562,-0.003148,0.973587
21 May 2022 05:25:00.000,0.081902,0.181804,-0.007505,0.979889
21 May 2022 05:26:00.000,0.080560,0.150867,-0.011927,0.985194
21 May 2022 05:27:00.000,0.079257,0.119782,-0.016396,0.989496
21 May 2022 05:28:00.000,0.078001,0.088579,-0.020898,0.992790
21 May 2022 05:29:00.000,0.076796,0.057287,-0.025415,0.995075
21 May 2022 05:30:00.000,0.075647,0.025938,-0.029931,0.996348
21 May 2022 05:31:00.000,0.074557,-0.005439,-0.034427,0.996608
21 May 2022 05:32:00.000,0.073526,-0.036813,-0.038887,0.995855
21 May 2022 05:33:00.000,0.072556,-0.068154,-0.043293,0.994091
21 May 2022 05:34:00.000,0.071644,-0.099432,-0.047628,0.991318
21 May 2022 05:35:00.000,0.070790,-0.130616,-0.051875,0.987541
21 May 2022 05:36:00.000,0.069989,-0.161676,-0.056018,0.982764
21 May 2022 05:37:00.000,0.069238,-0.192582,-0.060041,0.976992
21 May 2022 05:38:00.000,0.068528,-0.223304,-0.063929,0.970233
21 May 2022 05:39:00.000,0.067855,-0.253812,-0.067668,0.962495
21 May 2022 05:40:00.000,0.067211,-0.284075,-0.071245,0.953786
21 May 2022 05:41:00.000,0.066585,-0.314065,-0.074647,0.944117
21 May 2022 05:42:00.000,0.065970,-0.343753,-0.077863,0.933499
21 May 2022 05:43:00.000,0.065354,-0.373108,-0.080883,0.921942
21 May 2022 05:44:00.000,0.064727,-0.402101,-0.083698,0.909461
21 May 2022 05:45:00.000,0.064077,-0.430706,-0.086302,0.896069
21 May 2022 05:46:00.000,0.063393,-0.458891,-0.088688,0.881779
21 May 2022 05:47:00.000,0.062663,-0.486631,-0.090852,0.866608
21 May 2022 05:48:00.000,0.061875,-0.513897,-0.092790,0.850571
21 May 2022 05:49:00.000,0.061016,-0.540661,-0.094502,0.833686
21 May 2022 05:50:00.000,0.060076,-0.566897,-0.095986,0.815969
21 May 2022 05:51:00.000,0.059042,-0.592578,-0.097244,0.797439
21 May 2022 05:52:00.000,0.057904,-0.617678,-0.098278,0.778115
21 May 2022 05:53:00.000,0.056650,-0.642171,-0.099092,0.758016
21 May 2022 05:54:00.000,0.055270,-0.666031,-0.099692,0.737163
21 May 2022 05:55:00.000,0.053756,-0.689235,-0.100084,0.715576
21 May 2022 05:56:00.000,0.052098,-0.711756,-0.100275,0.693277
21 May 2022 05:57:00.000,0.050290,-0.733573,-0.100274,0.670289
21 May 2022 05:58:00.000,0.048324,-0.754660,-0.100091,0.646633
21 May 2022 05:59:00.000,0.046196,-0.774997,-0.099737,0.622333
21 May 2022 06:00:00.000,0.043900,-0.794560,-0.099223,0.597413
21 May 2022 06:01:00.000,0.041435,-0.813329,-0.098561,0.571896
21 May 2022 06:02:00.000,0.038797,-0.831282,-0.097763,0.545809
21 May 2022 06:03:00.000,0.035988,-0.848400,-0.096844,0.519175
21 May 2022 06:04:00.000,0.033008,-0.864664,-0.095816,0.492022
21 May 2022 06:05:00.000,0.029859,-0.880055,-0.094693,0.464375
21 May 2022 06:06:00.000,0.026546,-0.894556,-0.093490,0.436262
21 May 2022 06:07:00.000,0.023073,-0.908150,-0.092219,0.407710
21 May 2022 06:08:00.000,0.019447,-0.920821,-0.090895,0.378746
21 May 2022 06:09:00.000,0.015676,-0.932555,-0.089531,0.349399
21 May 2022 06:10:00.000,0.011769,-0.943338,-0.088140,0.319698
21 May 2022 06:11:00.000,0.007737,-0.953157,-0.086734,0.289672
21 May 2022 06:12:00.000,0.003591,-0.962000,-0.085325,0.259350
21 May 2022 06:13:00.000,-0.000655,-0.969858,-0.083924,0.228763
21 May 2022 06:14:00.000,-0.004989,-0.976720,-0.082542,0.197940
21 May 2022 06:15:00.000,-0.009395,-0.982579,-0.081188,0.166912
21 May 2022 06:16:00.000,-0.013858,-0.987427,-0.079869,0.135710
21 May 2022 06:17:00.000,-0.018362,-0.991259,-0.078593,0.104366
21 May 2022 06:18:00.000,-0.022890,-0.994070,-0.077365,0.072910
21 May 2022 06:19:00.000,-0.027425,-0.995857,-0.076192,0.041374
21 May 2022 06:20:00.000,-0.031950,-0.996618,-0.075075,0.009790
21 May 2022 06:21:00.000,-0.036446,-0.996352,-0.074018,-0.021811
21 May 2022 06:22:00.000,-0.040896,-0.995060,-0.073020,-0.053396
21 May 2022 06:23:00.000,-0.045284,-0.992744,-0.072083,-0.084934
21 May 2022 06:24:00.000,-0.049591,-0.989406,-0.071203,-0.116392
21 May 2022 06:25:00.000,-0.053800,-0.985051,-0.070378,-0.147739
21 May 2022 06:26:00.000,-0.057896,-0.979685,-0.069604,-0.178943
21 May 2022 06:27:00.000,-0.061863,-0.973314,-0.068876,-0.209972
21 May 2022 06:28:00.000,-0.065687,-0.965947,-0.068187,-0.240795
21 May 2022 06:29:00.000,-0.069352,-0.957592,-0.067530,-0.271380
21 May 2022 06:30:00.000,-0.072847,-0.948260,-0.066896,-0.301697
21 May 2022 06:31:00.000,-0.076160,-0.937962,-0.066276,-0.331714
21 May 2022 06:32:00.000,-0.079280,-0.926711,-0.065660,-0.361400
21 May 2022 06:33:00.000,-0.082197,-0.914520,-0.065038,-0.390727
21 May 2022 06:34:00.000,-0.084905,-0.901403,-0.064398,-0.419663
21 May 2022 06:35:00.000,-0.087396,-0.887376,-0.063729,-0.448179
21 May 2022 06:36:00.000,-0.089665,-0.872455,-0.063019,-0.476247
21 May 2022 06:37:00.000,-0.091708,-0.856657,-0.062255,-0.503838
21 May 2022 06:38:00.000,-0.093524,-0.840000,-0.061427,-0.530923
21 May 2022 06:39:00.000,-0.095112,-0.822503,-0.060522,-0.557475
21 May 2022 06:40:00.000,-0.096471,-0.804186,-0.059528,-0.583468
21 May 2022 06:41:00.000,-0.097605,-0.785068,-0.058435,-0.608874
21 May 2022 06:42:00.000,-0.098516,-0.765170,-0.057230,-0.633668
21 May 2022 06:43:00.000,-0.099210,-0.744513,-0.055905,-0.657824
21 May 2022 06:44:00.000,-0.099693,-0.723121,-0.054448,-0.681317
21 May 2022 06:45:00.000,-0.099971,-0.701014,-0.052853,-0.704125
21 May 2022 06:46:00.000,-0.100053,-0.678218,-0.051110,-0.726222
21 May 2022 06:47:00.000,-0.099950,-0.654754,-0.049212,-0.747586
21 May 2022 06:48:00.000,-0.099670,-0.630648,-0.047155,-0.768196
21 May 2022 06:49:00.000,-0.099225,-0.605923,-0.044933,-0.788031
21 May 2022 06:50:00.000,-0.098628,-0.580606,-0.042543,-0.807068
21 May 2022 06:51:00.000,-0.097891,-0.554722,-0.039983,-0.825290
21 May 2022 06:52:00.000,-0.097026,-0.528295,-0.037251,-0.842676
21 May 2022 06:53:00.000,-0.096048,-0.501354,-0.034349,-0.859208
21 May 2022 06:54:00.000,-0.094971,-0.473924,-0.031278,-0.874870
21 May 2022 06:55:00.000,-0.093807,-0.446032,-0.028042,-0.889645
21 May 2022 06:56:00.000,-0.092572,-0.417707,-0.024645,-0.903518
21 May 2022 06:57:00.000,-0.091278,-0.388975,-0.021093,-0.916473
21 May 2022 06:58:00.000,-0.089939,-0.359864,-0.017394,-0.928497
21 May 2022 06:59:00.000,-0.088569,-0.330403,-0.013556,-0.939577
21 May 2022 07:00:00.000,-0.087179,-0.300621,-0.009590,-0.949703
21 May 2022 07:01:00.000,-0.085783,-0.270546,-0.005505,-0.958862
21 May 2022 07:02:00.000,-0.084391,-0.240207,-0.001315,-0.967046
21 May 2022 07:03:00.000,-0.083014,-0.209634,0.002967,-0.974245
21 May 2022 07:04:00.000,-0.081661,-0.178856,0.007328,-0.980453
21 May 2022 07:05:00.000,-0.080342,-0.147902,0.011751,-0.985663
21 May 2022 07:06:00.000,-0.079063,-0.116804,0.016222,-0.989870
21 May 2022 07:07:00.000,-0.077830,-0.085590,0.020724,-0.993070
21 May 2022 07:08:00.000,-0.076650,-0.054291,0.025241,-0.995259
21 May 2022 07:09:00.000,-0.075526,-0.022937,0.029754,-0.996436
21 May 2022 07:10:00.000,-0.074460,0.008441,0.034248,-0.996600
21 May 2022 07:11:00.000,-0.073455,0.039814,0.038704,-0.995752
21 May 2022 07:12:00.000,-0.072510,0.071151,0.043105,-0.993892
21 May 2022 07:13:00.000,-0.071623,0.102421,0.047434,-0.991025
21 May 2022 07:14:00.000,-0.070794,0.133595,0.051674,-0.987153
21 May 2022 07:15:00.000,-0.070017,0.164642,0.055809,-0.982281
21 May 2022 07:16:00.000,-0.069289,0.195532,0.059824,-0.976416
21 May 2022 07:17:00.000,-0.068602,0.226235,0.063702,-0.969564
21 May 2022 07:18:00.000,-0.067951,0.256720,0.067431,-0.961733
21 May 2022 07:19:00.000,-0.067327,0.286959,0.070996,-0.952933
21 May 2022 07:20:00.000,-0.066722,0.316921,0.074387,-0.943173
21 May 2022 07:21:00.000,-0.066125,0.346578,0.077591,-0.932465
21 May 2022 07:22:00.000,-0.065526,0.375899,0.080598,-0.920820
21 May 2022 07:23:00.000,-0.064915,0.404857,0.083401,-0.908252
21 May 2022 07:24:00.000,-0.064280,0.433422,0.085993,-0.894773
21 May 2022 07:25:00.000,-0.063610,0.461566,0.088366,-0.880399
21 May 2022 07:26:00.000,-0.062892,0.489262,0.090518,-0.865144
21 May 2022 07:27:00.000,-0.062114,0.516481,0.092444,-0.849025
21 May 2022 07:28:00.000,-0.061265,0.543196,0.094144,-0.832059
21 May 2022 07:29:00.000,-0.060332,0.569380,0.095617,-0.814263
21 May 2022 07:30:00.000,-0.059304,0.595006,0.096864,-0.795656
21 May 2022 07:31:00.000,-0.058170,0.620049,0.097889,-0.776256
21 May 2022 07:32:00.000,-0.056919,0.644482,0.098694,-0.756084
21 May 2022 07:33:00.000,-0.055542,0.668281,0.099287,-0.735159
21 May 2022 07:34:00.000,-0.054028,0.691420,0.099672,-0.713502
21 May 2022 07:35:00.000,-0.052370,0.713875,0.099858,-0.691135
21 May 2022 07:36:00.000,-0.050560,0.735623,0.099853,-0.668081
21 May 2022 07:37:00.000,-0.048592,0.756640,0.099668,-0.644361
21 May 2022 07:38:00.000,-0.046459,0.776904,0.099313,-0.619999
21 May 2022 07:39:00.000,-0.044159,0.796392,0.098799,-0.595019
21 May 2022 07:40:00.000,-0.041689,0.815084,0.098139,-0.569446
21 May 2022 07:41:00.000,-0.039046,0.832959,0.097345,-0.543303
21 May 2022 07:42:00.000,-0.036230,0.849997,0.096431,-0.516618
21 May 2022 07:43:00.000,-0.033244,0.866178,0.095410,-0.489415
21 May 2022 07:44:00.000,-0.030088,0.881486,0.094296,-0.461720
21 May 2022 07:45:00.000,-0.026768,0.895901,0.093103,-0.433562
21 May 2022 07:46:00.000,-0.023288,0.909408,0.091844,-0.404968
21 May 2022 07:47:00.000,-0.019655,0.921991,0.090533,-0.375965
21 May 2022 07:48:00.000,-0.015878,0.933636,0.089184,-0.346581
21 May 2022 07:49:00.000,-0.011965,0.944328,0.087809,-0.316846
21 May 2022 07:50:00.000,-0.007927,0.954055,0.086421,-0.286789
21 May 2022 07:51:00.000,-0.003776,0.962806,0.085032,-0.256439
21 May 2022 07:52:00.000,0.000475,0.970569,0.083651,-0.225826
21 May 2022 07:53:00.000,0.004812,0.977337,0.082290,-0.194981
21 May 2022 07:54:00.000,0.009221,0.983100,0.080958,-0.163934
21 May 2022 07:55:00.000,0.013686,0.987853,0.079662,-0.132716
21 May 2022 07:56:00.000,0.018191,0.991588,0.078410,-0.101358
21 May 2022 07:57:00.000,0.022719,0.994303,0.077207,-0.069892
21 May 2022 07:58:00.000,0.027252,0.995993,0.076058,-0.038349
21 May 2022 07:59:00.000,0.031775,0.996657,0.074967,-0.006761
21 May 2022 08:00:00.000,0.036267,0.996294,0.073935,0.024840
21 May 2022 08:01:00.000,0.040713,0.994905,0.072963,0.056422
21 May 2022 08:02:00.000,0.045095,0.992491,0.072050,0.087954
21 May 2022 08:03:00.000,0.049395,0.989057,0.071195,0.119404
21 May 2022 08:04:00.000,0.053597,0.984606,0.070395,0.150739
21 May 2022 08:05:00.000,0.057685,0.979145,0.069645,0.181928
21 May 2022 08:06:00.000,0.061643,0.972679,0.068940,0.212939
21 May 2022 08:07:00.000,0.065456,0.965217,0.068273,0.243741
21 May 2022 08:08:00.000,0.069111,0.956769,0.067638,0.274301
21 May 2022 08:09:00.000,0.072594,0.947345,0.067024,0.304590
21 May 2022 08:10:00.000,0.075895,0.936956,0.066423,0.334577
21 May 2022 08:11:00.000,0.079003,0.925614,0.065826,0.364230
21 May 2022 08:12:00.000,0.081908,0.913334,0.065220,0.393520
21 May 2022 08:13:00.000,0.084603,0.900130,0.064596,0.422417
21 May 2022 08:14:00.000,0.087081,0.886017,0.063941,0.450892
21 May 2022 08:15:00.000,0.089338,0.871011,0.063243,0.478915
21 May 2022 08:16:00.000,0.091369,0.855130,0.062491,0.506458
21 May 2022 08:17:00.000,0.093173,0.838392,0.061673,0.533493
21 May 2022 08:18:00.000,0.094749,0.820815,0.060776,0.559992
21 May 2022 08:19:00.000,0.096098,0.802420,0.059789,0.585929
21 May 2022 08:20:00.000,0.097222,0.783225,0.058700,0.611278
21 May 2022 08:21:00.000,0.098124,0.763253,0.057500,0.636011
21 May 2022 08:22:00.000,0.098810,0.742525,0.056177,0.660104
21 May 2022 08:23:00.000,0.099285,0.721062,0.054722,0.683533
21 May 2022 08:24:00.000,0.099558,0.698888,0.053126,0.706273
21 May 2022 08:25:00.000,0.099636,0.676025,0.051382,0.728301
21 May 2022 08:26:00.000,0.099529,0.652498,0.049482,0.749594
21 May 2022 08:27:00.000,0.099248,0.628331,0.047422,0.770131
21 May 2022 08:28:00.000,0.098803,0.603548,0.045196,0.789890
21 May 2022 08:29:00.000,0.098207,0.578174,0.042801,0.808850
21 May 2022 08:30:00.000,0.097473,0.552235,0.040235,0.826992
21 May 2022 08:31:00.000,0.096613,0.525757,0.037497,0.844298
21 May 2022 08:32:00.000,0.095642,0.498767,0.034589,0.860748
21 May 2022 08:33:00.000,0.094572,0.471290,0.031512,0.876327
21 May 2022 08:34:00.000,0.093418,0.443355,0.028269,0.891017
21 May 2022 08:35:00.000,0.092194,0.414988,0.024865,0.904802
21 May 2022 08:36:00.000,0.090913,0.386217,0.021306,0.917670
21 May 2022 08:37:00.000,0.089588,0.357070,0.017600,0.929605
21 May 2022 08:38:00.000,0.088234,0.327576,0.013756,0.940595
21 May 2022 08:39:00.000,0.086862,0.297764,0.009784,0.950629
21 May 2022 08:40:00.000,0.085484,0.267661,0.005694,0.959697
21 May 2022 08:41:00.000,0.084112,0.237297,0.001499,0.967788
21 May 2022 08:42:00.000,0.082755,0.206702,-0.002787,0.974894
21 May 2022 08:43:00.000,0.081425,0.175905,-0.007150,0.981008
21 May 2022 08:44:00.000,0.080128,0.144936,-0.011576,0.986123
21 May 2022 08:45:00.000,0.078872,0.113824,-0.016048,0.990235
21 May 2022 08:46:00.000,0.077664,0.082600,-0.020551,0.993339
21 May 2022 08:47:00.000,0.076508,0.051294,-0.025066,0.995433
21 May 2022 08:48:00.000,0.075409,0.019936,-0.029578,0.996515
21 May 2022 08:49:00.000,0.074368,-0.011444,-0.034069,0.996583
21 May 2022 08:50:00.000,0.073388,-0.042815,-0.038521,0.995639
21 May 2022 08:51:00.000,0.072468,-0.074147,-0.042917,0.993684
21 May 2022 08:52:00.000,0.071607,-0.105410,-0.047240,0.990722
21 May 2022 08:53:00.000,0.070802,-0.136573,-0.051473,0.986755
21 May 2022 08:54:00.000,0.070049,-0.167607,-0.055600,0.981789
21 May 2022 08:55:00.000,0.069344,-0.198480,-0.059606,0.975830
21 May 2022 08:56:00.000,0.068680,-0.229163,-0.063475,0.968885
21 May 2022 08:57:00.000,0.068051,-0.259627,-0.067193,0.960962
21 May 2022 08:58:00.000,0.067448,-0.289840,-0.070747,0.952071
21 May 2022 08:59:00.000,0.066862,-0.319774,-0.074126,0.942220
21 May 2022 09:00:00.000,0.066283,-0.349400,-0.077318,0.931423
21 May 2022 09:01:00.000,0.065702,-0.378688,-0.080313,0.919689
21 May 2022 09:02:00.000,0.065107,-0.407609,-0.083104,0.907033
21 May 2022 09:03:00.000,0.064487,-0.436135,-0.085683,0.893469
21 May 2022 09:04:00.000,0.063830,-0.464238,-0.088044,0.879009
21 May 2022 09:05:00.000,0.063123,-0.491888,-0.090183,0.863671
21 May 2022 09:06:00.000,0.062356,-0.519060,-0.092098,0.847471
21 May 2022 09:07:00.000,0.061515,-0.545725,-0.093786,0.830424
21 May 2022 09:08:00.000,0.060590,-0.571857,-0.095248,0.812549
21 May 2022 09:09:00.000,0.059568,-0.597428,-0.096485,0.793865
21 May 2022 09:10:00.000,0.058438,-0.622414,-0.097500,0.774390
21 May 2022 09:11:00.000,0.057191,-0.646787,-0.098297,0.754144
21 May 2022 09:12:00.000,0.055815,-0.670524,-0.098882,0.733147
21 May 2022 09:13:00.000,0.054302,-0.693599,-0.099261,0.711421
21 May 2022 09:14:00.000,0.052643,-0.715988,-0.099442,0.688986
21 May 2022 09:15:00.000,0.050831,-0.737667,-0.099434,0.665866
21 May 2022 09:16:00.000,0.048860,-0.758613,-0.099246,0.642082
21 May 2022 09:17:00.000,0.046724,-0.778804,-0.098890,0.617659
21 May 2022 09:18:00.000,0.044419,-0.798217,-0.098377,0.592620
21 May 2022 09:19:00.000,0.041943,-0.816832,-0.097719,0.566989
21 May 2022 09:20:00.000,0.039295,-0.834628,-0.096929,0.540792
21 May 2022 09:21:00.000,0.036473,-0.851585,-0.096021,0.514055
21 May 2022 09:22:00.000,0.033479,-0.867685,-0.095007,0.486802
21 May 2022 09:23:00.000,0.030317,-0.882908,-0.093902,0.459060
21 May 2022 09:24:00.000,0.026990,-0.897238,-0.092719,0.430858
21 May 2022 09:25:00.000,0.023503,-0.910658,-0.091472,0.402221
21 May 2022 09:26:00.000,0.019863,-0.923153,-0.090175,0.373179
21 May 2022 09:27:00.000,0.016079,-0.934708,-0.088841,0.343759
21 May 2022 09:28:00.000,0.012160,-0.945309,-0.087483,0.313990
21 May 2022 09:29:00.000,0.008117,-0.954944,-0.086112,0.283902
21 May 2022 09:30:00.000,0.003961,-0.963602,-0.084742,0.253524
21 May 2022 09:31:00.000,-0.000295,-0.971272,-0.083382,0.222887
21 May 2022 09:32:00.000,-0.004636,-0.977945,-0.082042,0.192020
21 May 2022 09:33:00.000,-0.009047,-0.983613,-0.080732,0.160954
21 May 2022 09:34:00.000,-0.013514,-0.988269,-0.079460,0.129720
21 May 2022 09:35:00.000,-0.018019,-0.991909,-0.078231,0.098349
21 May 2022 09:36:00.000,-0.022547,-0.994526,-0.077053,0.066873
21 May 2022 09:37:00.000,-0.027079,-0.996119,-0.075929,0.035324
21 May 2022 09:38:00.000,-0.031599,-0.996686,-0.074863,0.003732
21 May 2022 09:39:00.000,-0.036089,-0.996226,-0.073856,-0.027869
21 May 2022 09:40:00.000,-0.040530,-0.994740,-0.072909,-0.059449
21 May 2022 09:41:00.000,-0.044906,-0.992230,-0.072022,-0.090975
21 May 2022 09:42:00.000,-0.049200,-0.988699,-0.071192,-0.122415
21 May 2022 09:43:00.000,-0.053394,-0.984152,-0.070416,-0.153738
21 May 2022 09:44:00.000,-0.057474,-0.978595,-0.069690,-0.184912
21 May 2022 09:45:00.000,-0.061422,-0.972034,-0.069008,-0.215904
21 May 2022 09:46:00.000,-0.065225,-0.964479,-0.068364,-0.246684
21 May 2022 09:47:00.000,-0.068869,-0.955937,-0.067749,-0.277220
21 May 2022 09:48:00.000,-0.072341,-0.946421,-0.067156,-0.307481
21 May 2022 09:49:00.000,-0.075630,-0.935940,-0.066574,-0.337437
21 May 2022 09:50:00.000,-0.078725,-0.924509,-0.065995,-0.367057
21 May 2022 09:51:00.000,-0.081618,-0.912140,-0.065406,-0.396310
21 May 2022 09:52:00.000,-0.084300,-0.898848,-0.064797,-0.425168
21 May 2022 09:53:00.000,-0.086766,-0.884649,-0.064155,-0.453600
21 May 2022 09:54:00.000,-0.089010,-0.869558,-0.063470,-0.481578
21 May 2022 09:55:00.000,-0.091029,-0.853594,-0.062729,-0.509073
21 May 2022 09:56:00.000,-0.092822,-0.836775,-0.061920,-0.536057
21 May 2022 09:57:00.000,-0.094386,-0.819119,-0.061032,-0.562504
21 May 2022 09:58:00.000,-0.095725,-0.800646,-0.060051,-0.588385
21 May 2022 09:59:00.000,-0.096839,-0.781375,-0.058968,-0.613675
21 May 2022 10:00:00.000,-0.097732,-0.761329,-0.057771,-0.638348
21 May 2022 10:01:00.000,-0.098410,-0.740529,-0.056450,-0.662379
21 May 2022 10:02:00.000,-0.098879,-0.718997,-0.054996,-0.685742
21 May 2022 10:03:00.000,-0.099146,-0.696755,-0.053401,-0.708415
21 May 2022 10:04:00.000,-0.099219,-0.673827,-0.051655,-0.730373
21 May 2022 10:05:00.000,-0.099110,-0.650236,-0.049753,-0.751595
21 May 2022 10:06:00.000,-0.098827,-0.626008,-0.047689,-0.772058
21 May 2022 10:07:00.000,-0.098382,-0.601166,-0.045459,-0.791741
21 May 2022 10:08:00.000,-0.097788,-0.575736,-0.043059,-0.810624
21 May 2022 10:09:00.000,-0.097057,-0.549743,-0.040488,-0.828688
21 May 2022 10:10:00.000,-0.096202,-0.523214,-0.037744,-0.845912
21 May 2022 10:11:00.000,-0.095237,-0.496174,-0.034829,-0.862281
21 May 2022 10:12:00.000,-0.094176,-0.468652,-0.031745,-0.877775
21 May 2022 10:13:00.000,-0.093032,-0.440672,-0.028495,-0.892379
21 May 2022 10:14:00.000,-0.091819,-0.412264,-0.025084,-0.906079
21 May 2022 10:15:00.000,-0.090551,-0.383455,-0.021519,-0.918858
21 May 2022 10:16:00.000,-0.089241,-0.354273,-0.017807,-0.930704
21 May 2022 10:17:00.000,-0.087902,-0.324746,-0.013956,-0.941604
21 May 2022 10:18:00.000,-0.086547,-0.294903,-0.009978,-0.951547
21 May 2022 10:19:00.000,-0.085188,-0.264773,-0.005883,-0.960523
21 May 2022 10:20:00.000,-0.083836,-0.234385,-0.001684,-0.968521
21 May 2022 10:21:00.000,-0.082501,-0.203768,0.002606,-0.975533
21 May 2022 10:22:00.000,-0.081192,-0.172953,0.006973,-0.981553
21 May 2022 10:23:00.000,-0.079917,-0.141968,0.011401,-0.986574
21 May 2022 10:24:00.000,-0.078685,-0.110843,0.015874,-0.990591
21 May 2022 10:25:00.000,-0.077501,-0.079609,0.020377,-0.993600
21 May 2022 10:26:00.000,-0.076370,-0.048296,0.024892,-0.995598
21 May 2022 10:27:00.000,-0.075296,-0.016934,0.029401,-0.996584
21 May 2022 10:28:00.000,-0.074281,0.014447,0.033889,-0.996557
21 May 2022 10:29:00.000,-0.073326,0.045816,0.038337,-0.995517
21 May 2022 10:30:00.000,-0.072431,0.077143,0.042728,-0.993467
21 May 2022 10:31:00.000,-0.071594,0.108398,0.047045,-0.990409
21 May 2022 10:32:00.000,-0.070814,0.139551,0.051271,-0.986348
21 May 2022 10:33:00.000,-0.070085,0.170570,0.055390,-0.981288
21 May 2022 10:34:00.000,-0.069403,0.201427,0.059387,-0.975235
21 May 2022 10:35:00.000,-0.068762,0.232090,0.063246,-0.968197
21 May 2022 10:36:00.000,-0.068154,0.262531,0.066954,-0.960182
21 May 2022 10:37:00.000,-0.067572,0.292719,0.070498,-0.951199
21 May 2022 10:38:00.000,-0.067005,0.322625,0.073865,-0.941258
21 May 2022 10:39:00.000,-0.066446,0.352219,0.077045,-0.930371
21 May 2022 10:40:00.000,-0.065882,0.381473,0.080028,-0.918550
21 May 2022 10:41:00.000,-0.065302,0.410358,0.082806,-0.905806
21 May 2022 10:42:00.000,-0.064696,0.438844,0.085373,-0.892156
21 May 2022 10:43:00.000,-0.064052,0.466905,0.087721,-0.877612
21 May 2022 10:44:00.000,-0.063357,0.494511,0.089848,-0.862190
21 May 2022 10:45:00.000,-0.062600,0.521635,0.091751,-0.845908
21 May 2022 10:46:00.000,-0.061768,0.548250,0.093428,-0.828781
21 May 2022 10:47:00.000,-0.060850,0.574329,0.094879,-0.810828
21 May 2022 10:48:00.000,-0.059834,0.599845,0.096106,-0.792066
21 May 2022 10:49:00.000,-0.058708,0.624773,0.097112,-0.772516
21 May 2022 10:50:00.000,-0.057464,0.649087,0.097901,-0.752196
21 May 2022 10:51:00.000,-0.056089,0.672761,0.098478,-0.731128
21 May 2022 10:52:00.000,-0.054577,0.695771,0.098851,-0.709332
21 May 2022 10:53:00.000,-0.052917,0.718093,0.099027,-0.686830
21 May 2022 10:54:00.000,-0.051103,0.739703,0.099015,-0.663644
21 May 2022 10:55:00.000,-0.049129,0.760579,0.098825,-0.639797
21 May 2022 10:56:00.000,-0.046989,0.780696,0.098469,-0.615312
21 May 2022 10:57:00.000,-0.044680,0.800035,0.097956,-0.590214
21 May 2022 10:58:00.000,-0.042198,0.818573,0.097301,-0.564527
21 May 2022 10:59:00.000,-0.039544,0.836290,0.096515,-0.538276
21 May 2022 11:00:00.000,-0.036715,0.853166,0.095612,-0.511486
21 May 2022 11:01:00.000,-0.033715,0.869183,0.094606,-0.484184
21 May 2022 11:02:00.000,-0.030546,0.884322,0.093510,-0.456395
21 May 2022 11:03:00.000,-0.027211,0.898567,0.092337,-0.428149
21 May 2022 11:04:00.000,-0.023718,0.911900,0.091103,-0.399470
21 May 2022 11:05:00.000,-0.020071,0.924306,0.089820,-0.370389
21 May 2022 11:06:00.000,-0.016281,0.935771,0.088501,-0.340933
21 May 2022 11:07:00.000,-0.012355,0.946281,0.087159,-0.311131
21 May 2022 11:08:00.000,-0.008306,0.955824,0.085807,-0.281012
21 May 2022 11:09:00.000,-0.004145,0.964389,0.084456,-0.250607
21 May 2022 11:10:00.000,0.000114,0.971965,0.083116,-0.219944
21 May 2022 11:11:00.000,0.004459,0.978543,0.081798,-0.189056
21 May 2022 11:12:00.000,0.008873,0.984116,0.080511,-0.157971
21 May 2022 11:13:00.000,0.013342,0.988677,0.079261,-0.126721
21 May 2022 11:14:00.000,0.017848,0.992219,0.078057,-0.095338
21 May 2022 11:15:00.000,0.022375,0.994740,0.076903,-0.063853
21 May 2022 11:16:00.000,0.026906,0.996236,0.075804,-0.032297
21 May 2022 11:17:00.000,0.031424,0.996706,0.074763,-0.000703
21 May 2022 11:18:00.000,0.035909,0.996149,0.073781,0.030899
21 May 2022 11:19:00.000,0.040346,0.994565,0.072860,0.062475
21 May 2022 11:20:00.000,0.044717,0.991959,0.071998,0.093995
21 May 2022 11:21:00.000,0.049004,0.988331,0.071192,0.125426
21 May 2022 11:22:00.000,0.053191,0.983688,0.070441,0.156736
21 May 2022 11:23:00.000,0.057261,0.978036,0.069739,0.187894
21 May 2022 11:24:00.000,0.061200,0.971380,0.069080,0.218867
21 May 2022 11:25:00.000,0.064993,0.963731,0.068458,0.249625
21 May 2022 11:26:00.000,0.068626,0.955096,0.067864,0.280137
21 May 2022 11:27:00.000,0.072087,0.945487,0.067291,0.310370
21 May 2022 11:28:00.000,0.075364,0.934916,0.066729,0.340295
21 May 2022 11:29:00.000,0.078447,0.923394,0.066167,0.369880
21 May 2022 11:30:00.000,0.081328,0.910936,0.065595,0.399097
21 May 2022 11:31:00.000,0.083997,0.897557,0.065001,0.427914
21 May 2022 11:32:00.000,0.086451,0.883272,0.064373,0.456304
21 May 2022 11:33:00.000,0.088682,0.868097,0.063701,0.484236
21 May 2022 11:34:00.000,0.090690,0.852051,0.062970,0.511683
21 May 2022 11:35:00.000,0.092470,0.835150,0.062171,0.538617
21 May 2022 11:36:00.000,0.094024,0.817415,0.061290,0.565010
21 May 2022 11:37:00.000,0.095351,0.798864,0.060316,0.590836
21 May 2022 11:38:00.000,0.096456,0.779518,0.059237,0.616068
21 May 2022 11:39:00.000,0.097340,0.759398,0.058044,0.640680
21 May 2022 11:40:00.000,0.098011,0.738526,0.056726,0.664647
21 May 2022 11:41:00.000,0.098473,0.716924,0.055272,0.687945
21 May 2022 11:42:00.000,0.098734,0.694614,0.053676,0.710550
21 May 2022 11:43:00.000,0.098804,0.671621,0.051929,0.732439
21 May 2022 11:44:00.000,0.098691,0.647967,0.050025,0.753589
21 May 2022 11:45:00.000,0.098407,0.623678,0.047958,0.773978
21 May 2022 11:46:00.000,0.097963,0.598778,0.045723,0.793585
21 May 2022 11:47:00.000,0.097371,0.573292,0.043318,0.812391
21 May 2022 11:48:00.000,0.096643,0.547245,0.040741,0.830375
21 May 2022 11:49:00.000,0.095793,0.520665,0.037991,0.847519
21 May 2022 11:50:00.000,0.094835,0.493577,0.035070,0.863804
21 May 2022 11:51:00.000,0.093782,0.466008,0.031979,0.879215
21 May 2022 11:52:00.000,0.092648,0.437985,0.028722,0.893734
21 May 2022 11:53:00.000,0.091446,0.409537,0.025304,0.907346
21 May 2022 11:54:00.000,0.090192,0.380689,0.021732,0.920037
21 May 2022 11:55:00.000,0.088896,0.351472,0.018013,0.931794
21 May 2022 11:56:00.000,0.087574,0.321912,0.014156,0.942604
21 May 2022 11:57:00.000,0.086237,0.292039,0.010172,0.952456
21 May 2022 11:58:00.000,0.084896,0.261882,0.006072,0.961339
21 May 2022 11:59:00.000,0.083564,0.231470,0.001868,0.969245
21 May 2022 12:00:00.000,0.082250,0.200832,-0.002426,0.976164
21 May 2022 12:01:00.000,0.080963,0.169998,-0.006795,0.982089
21 May 2022 12:02:00.000,0.079711,0.138998,-0.011225,0.987016
21 May 2022 12:03:00.000,0.078503,0.107861,-0.015700,0.990937
21 May 2022 12:04:00.000,0.077343,0.076617,-0.020203,0.993851
21 May 2022 12:05:00.000,0.076237,0.045297,-0.024717,0.995754
21 May 2022 12:06:00.000,0.075187,0.013932,-0.029225,0.996644
21 May 2022 12:07:00.000,0.074197,-0.017450,-0.033709,0.996521
21 May 2022 12:08:00.000,0.073267,-0.048817,-0.038153,0.995386
21 May 2022 12:09:00.000,0.072398,-0.080139,-0.042539,0.993241
21 May 2022 12:10:00.000,0.071586,-0.111386,-0.046850,0.990088
21 May 2022 12:11:00.000,0.070830,-0.142527,-0.051069,0.985932
21 May 2022 12:12:00.000,0.070125,-0.173532,-0.055180,0.980777
21 May 2022 12:13:00.000,0.069466,-0.204372,-0.059168,0.974631
21 May 2022 12:14:00.000,0.068848,-0.235015,-0.063017,0.967500
21 May 2022 12:15:00.000,0.068261,-0.265433,-0.066715,0.959393
21 May 2022 12:16:00.000,0.067700,-0.295596,-0.070248,0.950319
21 May 2022 12:17:00.000,0.067153,-0.325473,-0.073603,0.940287
21 May 2022 12:18:00.000,0.066611,-0.355036,-0.076771,0.929311
21 May 2022 12:19:00.000,0.066064,-0.384256,-0.079742,0.917401
21 May 2022 12:20:00.000,0.065501,-0.413103,-0.082508,0.904571
21 May 2022 12:21:00.000,0.064909,-0.441550,-0.085062,0.890834
21 May 2022 12:22:00.000,0.064277,-0.469567,-0.087398,0.876206
21 May 2022 12:23:00.000,0.063594,-0.497128,-0.089513,0.860701
21 May 2022 12:24:00.000,0.062847,-0.524205,-0.091404,0.844337
21 May 2022 12:25:00.000,0.062023,-0.550770,-0.093070,0.827130
21 May 2022 12:26:00.000,0.061112,-0.576796,-0.094510,0.809098
21 May 2022 12:27:00.000,0.060101,-0.602257,-0.095727,0.790260
21 May 2022 12:28:00.000,0.058980,-0.627127,-0.096724,0.770634
21 May 2022 12:29:00.000,0.057738,-0.651381,-0.097504,0.750242
21 May 2022 12:30:00.000,0.056365,-0.674992,-0.098075,0.729102
21 May 2022 12:31:00.000,0.054853,-0.697938,-0.098442,0.707236
21 May 2022 12:32:00.000,0.053192,-0.720193,-0.098613,0.684667
21 May 2022 12:33:00.000,0.051376,-0.741734,-0.098598,0.661415
21 May 2022 12:34:00.000,0.049399,-0.762537,-0.098406,0.637505
21 May 2022 12:35:00.000,0.047255,-0.782582,-0.098049,0.612960
21 May 2022 12:36:00.000,0.044941,-0.801845,-0.097538,0.587803
21 May 2022 12:37:00.000,0.042454,-0.820305,-0.096885,0.562059
21 May 2022 12:38:00.000,0.039793,-0.837943,-0.096103,0.535753
21 May 2022 12:39:00.000,0.036958,-0.854739,-0.095206,0.508912
21 May 2022 12:40:00.000,0.033951,-0.870673,-0.094207,0.481560
21 May 2022 12:41:00.000,0.030775,-0.885728,-0.093120,0.453725
21 May 2022 12:42:00.000,0.027433,-0.899887,-0.091959,0.425434
21 May 2022 12:43:00.000,0.023933,-0.913133,-0.090737,0.396715
21 May 2022 12:44:00.000,0.020279,-0.925450,-0.089467,0.367595
21 May 2022 12:45:00.000,0.016482,-0.936825,-0.088164,0.338103
21 May 2022 12:46:00.000,0.012551,-0.947245,-0.086839,0.308268
21 May 2022 12:47:00.000,0.008496,-0.956696,-0.085505,0.278119
21 May 2022 12:48:00.000,0.004330,-0.965167,-0.084173,0.247686
21 May 2022 12:49:00.000,0.000066,-0.972649,-0.082854,0.216999
21 May 2022 12:50:00.000,-0.004282,-0.979133,-0.081558,0.186089
21 May 2022 12:51:00.000,-0.008699,-0.984610,-0.080293,0.154986
21 May 2022 12:52:00.000,-0.013169,-0.989074,-0.079067,0.123721
21 May 2022 12:53:00.000,-0.017676,-0.992521,-0.077887,0.092326
21 May 2022 12:54:00.000,-0.022203,-0.994945,-0.076758,0.060832
21 May 2022 12:55:00.000,-0.026733,-0.996344,-0.075684,0.029270
21 May 2022 12:56:00.000,-0.031248,-0.996716,-0.074668,-0.002327
21 May 2022 12:57:00.000,-0.035730,-0.996062,-0.073711,-0.033928
21 May 2022 12:58:00.000,-0.040162,-0.994381,-0.072815,-0.065502
21 May 2022 12:59:00.000,-0.044527,-0.991678,-0.071978,-0.097015
21 May 2022 13:00:00.000,-0.048808,-0.987954,-0.071197,-0.128436
21 May 2022 13:01:00.000,-0.052987,-0.983215,-0.070470,-0.159733
21 May 2022 13:02:00.000,-0.057049,-0.977467,-0.069792,-0.190875
21 May 2022 13:03:00.000,-0.060978,-0.970717,-0.069156,-0.221829
21 May 2022 13:04:00.000,-0.064761,-0.962973,-0.068556,-0.252565
21 May 2022 13:05:00.000,-0.068384,-0.954245,-0.067984,-0.283051
21 May 2022 13:06:00.000,-0.071833,-0.944544,-0.067431,-0.313256
21 May 2022 13:07:00.000,-0.075098,-0.933882,-0.066887,-0.343149
21 May 2022 13:08:00.000,-0.078169,-0.922270,-0.066343,-0.372700
21 May 2022 13:09:00.000,-0.081037,-0.909724,-0.065787,-0.401879
21 May 2022 13:10:00.000,-0.083694,-0.896258,-0.065208,-0.430657
21 May 2022 13:11:00.000,-0.086135,-0.881887,-0.064594,-0.459004
21 May 2022 13:12:00.000,-0.088354,-0.866628,-0.063933,-0.486890
21 May 2022 13:13:00.000,-0.090350,-0.850498,-0.063214,-0.514289
21 May 2022 13:14:00.000,-0.092118,-0.833517,-0.062423,-0.541172
21 May 2022 13:15:00.000,-0.093661,-0.815702,-0.061550,-0.567512
21 May 2022 13:16:00.000,-0.094978,-0.797074,-0.060582,-0.593281
21 May 2022 13:17:00.000,-0.096073,-0.777652,-0.059509,-0.618454
21 May 2022 13:18:00.000,-0.096949,-0.757459,-0.058319,-0.643005
21 May 2022 13:19:00.000,-0.097612,-0.736516,-0.057002,-0.666909
21 May 2022 13:20:00.000,-0.098067,-0.714844,-0.055550,-0.690141
21 May 2022 13:21:00.000,-0.098324,-0.692467,-0.053953,-0.712679
21 May 2022 13:22:00.000,-0.098389,-0.669409,-0.052205,-0.734497
21 May 2022 13:23:00.000,-0.098274,-0.645692,-0.050298,-0.755575
21 May 2022 13:24:00.000,-0.097989,-0.621342,-0.048227,-0.775891
21 May 2022 13:25:00.000,-0.097545,-0.596384,-0.045988,-0.795422
21 May 2022 13:26:00.000,-0.096955,-0.570842,-0.043578,-0.814150
21 May 2022 13:27:00.000,-0.096231,-0.544742,-0.040995,-0.832055
21 May 2022 13:28:00.000,-0.095387,-0.518111,-0.038239,-0.849117
21 May 2022 13:29:00.000,-0.094435,-0.490974,-0.035311,-0.865320
21 May 2022 13:30:00.000,-0.093391,-0.463360,-0.032213,-0.880647
21 May 2022 13:31:00.000,-0.092267,-0.435294,-0.028949,-0.895080
21 May 2022 13:32:00.000,-0.091077,-0.406804,-0.025524,-0.908605
21 May 2022 13:33:00.000,-0.089836,-0.377919,-0.021945,-0.921208
21 May 2022 13:34:00.000,-0.088555,-0.348667,-0.018219,-0.932876
21 May 2022 13:35:00.000,-0.087249,-0.319075,-0.014356,-0.943596
21 May 2022 13:36:00.000,-0.085929,-0.289172,-0.010367,-0.953356
21 May 2022 13:37:00.000,-0.084608,-0.258989,-0.006261,-0.962147
21 May 2022 13:38:00.000,-0.083296,-0.228553,-0.002053,-0.969959
21 May 2022 13:39:00.000,-0.082002,-0.197894,0.002245,-0.976785
21 May 2022 13:40:00.000,-0.080738,-0.167041,0.006618,-0.982616
21 May 2022 13:41:00.000,-0.079509,-0.136026,0.011050,-0.987448
21 May 2022 13:42:00.000,-0.078325,-0.104876,0.015526,-0.991275
21 May 2022 13:43:00.000,-0.077189,-0.073624,0.020028,-0.994093
21 May 2022 13:44:00.000,-0.076107,-0.042298,0.024542,-0.995900
21 May 2022 13:45:00.000,-0.075083,-0.010928,0.029048,-0.996694
21 May 2022 13:46:00.000,-0.074118,0.020454,0.033529,-0.996476
21 May 2022 13:47:00.000,-0.073214,0.051818,0.037969,-0.995245
21 May 2022 13:48:00.000,-0.072369,0.083134,0.042350,-0.993004
21 May 2022 13:49:00.000,-0.071582,0.114373,0.046654,-0.989757
21 May 2022 13:50:00.000,-0.070850,0.145502,0.050866,-0.985506
21 May 2022 13:51:00.000,-0.070169,0.176493,0.054970,-0.980257
21 May 2022 13:52:00.000,-0.069534,0.207316,0.058948,-0.974018
21 May 2022 13:53:00.000,-0.068937,0.237939,0.062788,-0.966794
21 May 2022 13:54:00.000,-0.068373,0.268333,0.066475,-0.958594
21 May 2022 13:55:00.000,-0.067831,0.298470,0.069997,-0.949429
21 May 2022 13:56:00.000,-0.067304,0.328318,0.073341,-0.939307
21 May 2022 13:57:00.000,-0.066780,0.357849,0.076497,-0.928242
21 May 2022 13:58:00.000,-0.066250,0.387034,0.079456,-0.916243
21 May 2022 13:59:00.000,-0.065702,0.415845,0.082210,-0.903326
21 May 2022 14:00:00.000,-0.065124,0.444251,0.084751,-0.889504
21 May 2022 14:01:00.000,-0.064506,0.472226,0.087075,-0.874791
21 May 2022 14:02:00.000,-0.063833,0.499742,0.089178,-0.859203
21 May 2022 14:03:00.000,-0.063096,0.526770,0.091057,-0.842758
21 May 2022 14:04:00.000,-0.062281,0.553284,0.092711,-0.825471
21 May 2022 14:05:00.000,-0.061376,0.579258,0.094141,-0.807361
21 May 2022 14:06:00.000,-0.060371,0.604663,0.095348,-0.788446
21 May 2022 14:07:00.000,-0.059254,0.629475,0.096336,-0.768745
21 May 2022 14:08:00.000,-0.058014,0.653668,0.097109,-0.748279
21 May 2022 14:09:00.000,-0.056643,0.677218,0.097672,-0.727068
21 May 2022 14:10:00.000,-0.055130,0.700098,0.098033,-0.705133
21 May 2022 14:11:00.000,-0.053468,0.722286,0.098200,-0.682496
21 May 2022 14:12:00.000,-0.051650,0.743757,0.098181,-0.659180
21 May 2022 14:13:00.000,-0.049669,0.764489,0.097988,-0.635207
21 May 2022 14:14:00.000,-0.047521,0.784460,0.097630,-0.610600
21 May 2022 14:15:00.000,-0.045202,0.803647,0.097120,-0.585385
21 May 2022 14:16:00.000,-0.042710,0.822031,0.096470,-0.559585
21 May 2022 14:17:00.000,-0.040043,0.839589,0.095693,-0.533225
21 May 2022 14:18:00.000,-0.037202,0.856304,0.094802,-0.506332
21 May 2022 14:19:00.000,-0.034188,0.872155,0.093811,-0.478932
21 May 2022 14:20:00.000,-0.031004,0.887126,0.092734,-0.451050
21 May 2022 14:21:00.000,-0.027656,0.901199,0.091583,-0.422716
21 May 2022 14:22:00.000,-0.024147,0.914357,0.090373,-0.393955
21 May 2022 14:23:00.000,-0.020487,0.926586,0.089118,-0.364796
21 May 2022 14:24:00.000,-0.016684,0.937871,0.087830,-0.335269
21 May 2022 14:25:00.000,-0.012746,0.948199,0.086523,-0.305401
21 May 2022 14:26:00.000,-0.008686,0.957558,0.085207,-0.275222
21 May 2022 14:27:00.000,-0.004515,0.965936,0.083895,-0.244762
21 May 2022 14:28:00.000,-0.000246,0.973324,0.082596,-0.214052
21 May 2022 14:29:00.000,0.004105,0.979713,0.081322,-0.183120
21 May 2022 14:30:00.000,0.008525,0.985094,0.080079,-0.151999
21 May 2022 14:31:00.000,0.012997,0.989463,0.078877,-0.120720
21 May 2022 14:32:00.000,0.017504,0.992812,0.077721,-0.089312
21 May 2022 14:33:00.000,0.022031,0.995140,0.076616,-0.057809
21 May 2022 14:34:00.000,0.026559,0.996441,0.075567,-0.026242
21 May 2022 14:35:00.000,0.031072,0.996717,0.074577,0.005358
21 May 2022 14:36:00.000,0.035550,0.995965,0.073646,0.036959
21 May 2022 14:37:00.000,0.039978,0.994188,0.072775,0.068528
21 May 2022 14:38:00.000,0.044337,0.991387,0.071962,0.100034
21 May 2022 14:39:00.000,0.048611,0.987567,0.071207,0.131445
21 May 2022 14:40:00.000,0.052782,0.982732,0.070504,0.162729
21 May 2022 14:41:00.000,0.056836,0.976889,0.069849,0.193854
21 May 2022 14:42:00.000,0.060756,0.970044,0.069236,0.224789
21 May 2022 14:43:00.000,0.064529,0.962206,0.068658,0.255502
21 May 2022 14:44:00.000,0.068140,0.953385,0.068107,0.285962
21 May 2022 14:45:00.000,0.071578,0.943592,0.067574,0.316139
21 May 2022 14:46:00.000,0.074832,0.932839,0.067049,0.346000
21 May 2022 14:47:00.000,0.077890,0.921138,0.066522,0.375517
21 May 2022 14:48:00.000,0.080746,0.908503,0.065982,0.404659
21 May 2022 14:49:00.000,0.083391,0.894949,0.065418,0.433396
21 May 2022 14:50:00.000,0.085819,0.880493,0.064818,0.461699
21 May 2022 14:51:00.000,0.088026,0.865150,0.064169,0.489540
21 May 2022 14:52:00.000,0.090009,0.848938,0.063460,0.516890
21 May 2022 14:53:00.000,0.091767,0.831875,0.062678,0.543722
21 May 2022 14:54:00.000,0.093298,0.813982,0.061812,0.570007
21 May 2022 14:55:00.000,0.094606,0.795276,0.060851,0.595720
21 May 2022 14:56:00.000,0.095691,0.775779,0.059782,0.620835
21 May 2022 14:57:00.000,0.096558,0.755513,0.058595,0.645324
21 May 2022 14:58:00.000,0.097213,0.734498,0.057280,0.669165
21 May 2022 14:59:00.000,0.097663,0.712757,0.055829,0.692331
21 May 2022 15:00:00.000,0.097914,0.690313,0.054231,0.714801
21 May 2022 15:01:00.000,0.097976,0.667190,0.052481,0.736549
21 May 2022 15:02:00.000,0.097858,0.643410,0.050571,0.757555
21 May 2022 15:03:00.000,0.097572,0.619000,0.048496,0.777796
21 May 2022 15:04:00.000,0.097129,0.593984,0.046253,0.797252
21 May 2022 15:05:00.000,0.096541,0.568386,0.043838,0.815902
21 May 2022 15:06:00.000,0.095821,0.542233,0.041249,0.833727
21 May 2022 15:07:00.000,0.094982,0.515551,0.038486,0.850708
21 May 2022 15:08:00.000,0.094038,0.488367,0.035552,0.866828
21 May 2022 15:09:00.000,0.093002,0.460706,0.032447,0.882070
21 May 2022 15:10:00.000,0.091888,0.432598,0.029176,0.896418
21 May 2022 15:11:00.000,0.090711,0.404068,0.025744,0.909856
21 May 2022 15:12:00.000,0.089483,0.375145,0.022158,0.922371
21 May 2022 15:13:00.000,0.088217,0.345858,0.018426,0.933949
21 May 2022 15:14:00.000,0.086928,0.316234,0.014556,0.944578
21 May 2022 15:15:00.000,0.085626,0.286302,0.010561,0.954247
21 May 2022 15:16:00.000,0.084323,0.256092,0.006450,0.962946
21 May 2022 15:17:00.000,0.083031,0.225632,0.002237,0.970665
21 May 2022 15:18:00.000,0.081759,0.194953,-0.002065,0.977397
21 May 2022 15:19:00.000,0.080517,0.164083,-0.006440,0.983134
21 May 2022 15:20:00.000,0.079312,0.133052,-0.010874,0.987871
21 May 2022 15:21:00.000,0.078151,0.101891,-0.015351,0.991602
21 May 2022 15:22:00.000,0.077039,0.070629,-0.019854,0.994325
21 May 2022 15:23:00.000,0.075982,0.039297,-0.024366,0.996036
21 May 2022 15:24:00.000,0.074983,0.007925,-0.028870,0.996735
21 May 2022 15:25:00.000,0.074043,-0.023457,-0.033349,0.996421
21 May 2022 15:26:00.000,0.073164,-0.054819,-0.037785,0.995095
21 May 2022 15:27:00.000,0.072344,-0.086130,-0.042160,0.992759
21 May 2022 15:28:00.000,0.071582,-0.117359,-0.046459,0.989416
21 May 2022 15:29:00.000,0.070874,-0.148477,-0.050663,0.985071
21 May 2022 15:30:00.000,0.070217,-0.179453,-0.054758,0.979728
21 May 2022 15:31:00.000,0.069605,-0.210258,-0.058728,0.973395
21 May 2022 15:32:00.000,0.069031,-0.240860,-0.062558,0.966078
21 May 2022 15:33:00.000,0.068488,-0.271231,-0.066235,0.957787
21 May 2022 15:34:00.000,0.067966,-0.301341,-0.069746,0.948530
21 May 2022 15:35:00.000,0.067458,-0.331161,-0.073078,0.938319
21 May 2022 15:36:00.000,0.066953,-0.360660,-0.076223,0.927163
21 May 2022 15:37:00.000,0.066439,-0.389810,-0.079169,0.915077
21 May 2022 15:38:00.000,0.065906,-0.418583,-0.081911,0.902073
21 May 2022 15:39:00.000,0.065343,-0.446949,-0.084440,0.888165
21 May 2022 15:40:00.000,0.064737,-0.474881,-0.086752,0.873368
21 May 2022 15:41:00.000,0.064075,-0.502351,-0.088843,0.857697
21 May 2022 15:42:00.000,0.063347,-0.529331,-0.090710,0.841170
21 May 2022 15:43:00.000,0.062540,-0.555794,-0.092353,0.823803
21 May 2022 15:44:00.000,0.061643,-0.581714,-0.093773,0.805615
21 May 2022 15:45:00.000,0.060642,-0.607064,-0.094970,0.786623
21 May 2022 15:46:00.000,0.059529,-0.631818,-0.095949,0.766848
21 May 2022 15:47:00.000,0.058292,-0.655950,-0.096713,0.746309
21 May 2022 15:48:00.000,0.056922,-0.679437,-0.097270,0.725027
21 May 2022 15:49:00.000,0.055409,-0.702252,-0.097625,0.703023
21 May 2022 15:50:00.000,0.053746,-0.724372,-0.097787,0.680319
21 May 2022 15:51:00.000,0.051925,-0.745774,-0.097766,0.656938
21 May 2022 15:52:00.000,0.049941,-0.766434,-0.097571,0.632902
21 May 2022 15:53:00.000,0.047789,-0.786331,-0.097213,0.608234
21 May 2022 15:54:00.000,0.045465,-0.805443,-0.096705,0.582961
21 May 2022 15:55:00.000,0.042966,-0.823748,-0.096058,0.557104
21 May 2022 15:56:00.000,0.040293,-0.841228,-0.095285,0.530691
21 May 2022 15:57:00.000,0.037445,-0.857861,-0.094401,0.503747
21 May 2022 15:58:00.000,0.034424,-0.873629,-0.093418,0.476298
21 May 2022 15:59:00.000,0.031234,-0.888516,-0.092349,0.448370
21 May 2022 16:00:00.000,0.027878,-0.902502,-0.091210,0.419992

